--
-- PostgreSQL database dump
--

-- Dumped from database version 17.4
-- Dumped by pg_dump version 17.4

-- Started on 2025-07-09 12:23:47

SET statement_timeout = 0;
SET lock_timeout = 0;
SET idle_in_transaction_session_timeout = 0;
SET transaction_timeout = 0;
SET client_encoding = 'UTF8';
SET standard_conforming_strings = on;
SELECT pg_catalog.set_config('search_path', '', false);
SET check_function_bodies = false;
SET xmloption = content;
SET client_min_messages = warning;
SET row_security = off;

SET default_tablespace = '';

SET default_table_access_method = heap;

--
-- TOC entry 224 (class 1259 OID 24755)
-- Name: auth_group; Type: TABLE; Schema: public; Owner: postgres
--

CREATE TABLE public.auth_group (
    id integer NOT NULL,
    name character varying(150) NOT NULL
);


ALTER TABLE public.auth_group OWNER TO postgres;

--
-- TOC entry 223 (class 1259 OID 24754)
-- Name: auth_group_id_seq; Type: SEQUENCE; Schema: public; Owner: postgres
--

ALTER TABLE public.auth_group ALTER COLUMN id ADD GENERATED BY DEFAULT AS IDENTITY (
    SEQUENCE NAME public.auth_group_id_seq
    START WITH 1
    INCREMENT BY 1
    NO MINVALUE
    NO MAXVALUE
    CACHE 1
);


--
-- TOC entry 226 (class 1259 OID 24763)
-- Name: auth_group_permissions; Type: TABLE; Schema: public; Owner: postgres
--

CREATE TABLE public.auth_group_permissions (
    id bigint NOT NULL,
    group_id integer NOT NULL,
    permission_id integer NOT NULL
);


ALTER TABLE public.auth_group_permissions OWNER TO postgres;

--
-- TOC entry 225 (class 1259 OID 24762)
-- Name: auth_group_permissions_id_seq; Type: SEQUENCE; Schema: public; Owner: postgres
--

ALTER TABLE public.auth_group_permissions ALTER COLUMN id ADD GENERATED BY DEFAULT AS IDENTITY (
    SEQUENCE NAME public.auth_group_permissions_id_seq
    START WITH 1
    INCREMENT BY 1
    NO MINVALUE
    NO MAXVALUE
    CACHE 1
);


--
-- TOC entry 222 (class 1259 OID 24749)
-- Name: auth_permission; Type: TABLE; Schema: public; Owner: postgres
--

CREATE TABLE public.auth_permission (
    id integer NOT NULL,
    name character varying(255) NOT NULL,
    content_type_id integer NOT NULL,
    codename character varying(100) NOT NULL
);


ALTER TABLE public.auth_permission OWNER TO postgres;

--
-- TOC entry 221 (class 1259 OID 24748)
-- Name: auth_permission_id_seq; Type: SEQUENCE; Schema: public; Owner: postgres
--

ALTER TABLE public.auth_permission ALTER COLUMN id ADD GENERATED BY DEFAULT AS IDENTITY (
    SEQUENCE NAME public.auth_permission_id_seq
    START WITH 1
    INCREMENT BY 1
    NO MINVALUE
    NO MAXVALUE
    CACHE 1
);


--
-- TOC entry 228 (class 1259 OID 24769)
-- Name: auth_user; Type: TABLE; Schema: public; Owner: postgres
--

CREATE TABLE public.auth_user (
    id integer NOT NULL,
    password character varying(128) NOT NULL,
    last_login timestamp with time zone,
    is_superuser boolean NOT NULL,
    username character varying(150) NOT NULL,
    first_name character varying(150) NOT NULL,
    last_name character varying(150) NOT NULL,
    email character varying(254) NOT NULL,
    is_staff boolean NOT NULL,
    is_active boolean NOT NULL,
    date_joined timestamp with time zone NOT NULL
);


ALTER TABLE public.auth_user OWNER TO postgres;

--
-- TOC entry 230 (class 1259 OID 24777)
-- Name: auth_user_groups; Type: TABLE; Schema: public; Owner: postgres
--

CREATE TABLE public.auth_user_groups (
    id bigint NOT NULL,
    user_id integer NOT NULL,
    group_id integer NOT NULL
);


ALTER TABLE public.auth_user_groups OWNER TO postgres;

--
-- TOC entry 229 (class 1259 OID 24776)
-- Name: auth_user_groups_id_seq; Type: SEQUENCE; Schema: public; Owner: postgres
--

ALTER TABLE public.auth_user_groups ALTER COLUMN id ADD GENERATED BY DEFAULT AS IDENTITY (
    SEQUENCE NAME public.auth_user_groups_id_seq
    START WITH 1
    INCREMENT BY 1
    NO MINVALUE
    NO MAXVALUE
    CACHE 1
);


--
-- TOC entry 227 (class 1259 OID 24768)
-- Name: auth_user_id_seq; Type: SEQUENCE; Schema: public; Owner: postgres
--

ALTER TABLE public.auth_user ALTER COLUMN id ADD GENERATED BY DEFAULT AS IDENTITY (
    SEQUENCE NAME public.auth_user_id_seq
    START WITH 1
    INCREMENT BY 1
    NO MINVALUE
    NO MAXVALUE
    CACHE 1
);


--
-- TOC entry 232 (class 1259 OID 24783)
-- Name: auth_user_user_permissions; Type: TABLE; Schema: public; Owner: postgres
--

CREATE TABLE public.auth_user_user_permissions (
    id bigint NOT NULL,
    user_id integer NOT NULL,
    permission_id integer NOT NULL
);


ALTER TABLE public.auth_user_user_permissions OWNER TO postgres;

--
-- TOC entry 231 (class 1259 OID 24782)
-- Name: auth_user_user_permissions_id_seq; Type: SEQUENCE; Schema: public; Owner: postgres
--

ALTER TABLE public.auth_user_user_permissions ALTER COLUMN id ADD GENERATED BY DEFAULT AS IDENTITY (
    SEQUENCE NAME public.auth_user_user_permissions_id_seq
    START WITH 1
    INCREMENT BY 1
    NO MINVALUE
    NO MAXVALUE
    CACHE 1
);


--
-- TOC entry 234 (class 1259 OID 24841)
-- Name: django_admin_log; Type: TABLE; Schema: public; Owner: postgres
--

CREATE TABLE public.django_admin_log (
    id integer NOT NULL,
    action_time timestamp with time zone NOT NULL,
    object_id text,
    object_repr character varying(200) NOT NULL,
    action_flag smallint NOT NULL,
    change_message text NOT NULL,
    content_type_id integer,
    user_id integer NOT NULL,
    CONSTRAINT django_admin_log_action_flag_check CHECK ((action_flag >= 0))
);


ALTER TABLE public.django_admin_log OWNER TO postgres;

--
-- TOC entry 233 (class 1259 OID 24840)
-- Name: django_admin_log_id_seq; Type: SEQUENCE; Schema: public; Owner: postgres
--

ALTER TABLE public.django_admin_log ALTER COLUMN id ADD GENERATED BY DEFAULT AS IDENTITY (
    SEQUENCE NAME public.django_admin_log_id_seq
    START WITH 1
    INCREMENT BY 1
    NO MINVALUE
    NO MAXVALUE
    CACHE 1
);


--
-- TOC entry 220 (class 1259 OID 24741)
-- Name: django_content_type; Type: TABLE; Schema: public; Owner: postgres
--

CREATE TABLE public.django_content_type (
    id integer NOT NULL,
    app_label character varying(100) NOT NULL,
    model character varying(100) NOT NULL
);


ALTER TABLE public.django_content_type OWNER TO postgres;

--
-- TOC entry 219 (class 1259 OID 24740)
-- Name: django_content_type_id_seq; Type: SEQUENCE; Schema: public; Owner: postgres
--

ALTER TABLE public.django_content_type ALTER COLUMN id ADD GENERATED BY DEFAULT AS IDENTITY (
    SEQUENCE NAME public.django_content_type_id_seq
    START WITH 1
    INCREMENT BY 1
    NO MINVALUE
    NO MAXVALUE
    CACHE 1
);


--
-- TOC entry 218 (class 1259 OID 24733)
-- Name: django_migrations; Type: TABLE; Schema: public; Owner: postgres
--

CREATE TABLE public.django_migrations (
    id bigint NOT NULL,
    app character varying(255) NOT NULL,
    name character varying(255) NOT NULL,
    applied timestamp with time zone NOT NULL
);


ALTER TABLE public.django_migrations OWNER TO postgres;

--
-- TOC entry 217 (class 1259 OID 24732)
-- Name: django_migrations_id_seq; Type: SEQUENCE; Schema: public; Owner: postgres
--

ALTER TABLE public.django_migrations ALTER COLUMN id ADD GENERATED BY DEFAULT AS IDENTITY (
    SEQUENCE NAME public.django_migrations_id_seq
    START WITH 1
    INCREMENT BY 1
    NO MINVALUE
    NO MAXVALUE
    CACHE 1
);


--
-- TOC entry 239 (class 1259 OID 24896)
-- Name: django_session; Type: TABLE; Schema: public; Owner: postgres
--

CREATE TABLE public.django_session (
    session_key character varying(40) NOT NULL,
    session_data text NOT NULL,
    expire_date timestamp with time zone NOT NULL
);


ALTER TABLE public.django_session OWNER TO postgres;

--
-- TOC entry 236 (class 1259 OID 24870)
-- Name: libros_author; Type: TABLE; Schema: public; Owner: postgres
--

CREATE TABLE public.libros_author (
    id bigint NOT NULL,
    name character varying(100) NOT NULL,
    email character varying(254),
    bio text
);


ALTER TABLE public.libros_author OWNER TO postgres;

--
-- TOC entry 235 (class 1259 OID 24869)
-- Name: libros_author_id_seq; Type: SEQUENCE; Schema: public; Owner: postgres
--

ALTER TABLE public.libros_author ALTER COLUMN id ADD GENERATED BY DEFAULT AS IDENTITY (
    SEQUENCE NAME public.libros_author_id_seq
    START WITH 1
    INCREMENT BY 1
    NO MINVALUE
    NO MAXVALUE
    CACHE 1
);


--
-- TOC entry 238 (class 1259 OID 24880)
-- Name: libros_book; Type: TABLE; Schema: public; Owner: postgres
--

CREATE TABLE public.libros_book (
    id bigint NOT NULL,
    title character varying(200) NOT NULL,
    published_date date NOT NULL,
    isbn character varying(13) NOT NULL,
    stock integer NOT NULL,
    author_id bigint NOT NULL,
    download_url character varying(200),
    average_rating numeric(3,2) NOT NULL,
    CONSTRAINT libros_book_stock_check CHECK ((stock >= 0))
);


ALTER TABLE public.libros_book OWNER TO postgres;

--
-- TOC entry 243 (class 1259 OID 24914)
-- Name: libros_book_genres; Type: TABLE; Schema: public; Owner: postgres
--

CREATE TABLE public.libros_book_genres (
    id bigint NOT NULL,
    book_id bigint NOT NULL,
    genre_id bigint NOT NULL
);


ALTER TABLE public.libros_book_genres OWNER TO postgres;

--
-- TOC entry 242 (class 1259 OID 24913)
-- Name: libros_book_genres_id_seq; Type: SEQUENCE; Schema: public; Owner: postgres
--

ALTER TABLE public.libros_book_genres ALTER COLUMN id ADD GENERATED BY DEFAULT AS IDENTITY (
    SEQUENCE NAME public.libros_book_genres_id_seq
    START WITH 1
    INCREMENT BY 1
    NO MINVALUE
    NO MAXVALUE
    CACHE 1
);


--
-- TOC entry 237 (class 1259 OID 24879)
-- Name: libros_book_id_seq; Type: SEQUENCE; Schema: public; Owner: postgres
--

ALTER TABLE public.libros_book ALTER COLUMN id ADD GENERATED BY DEFAULT AS IDENTITY (
    SEQUENCE NAME public.libros_book_id_seq
    START WITH 1
    INCREMENT BY 1
    NO MINVALUE
    NO MAXVALUE
    CACHE 1
);


--
-- TOC entry 241 (class 1259 OID 24906)
-- Name: libros_genre; Type: TABLE; Schema: public; Owner: postgres
--

CREATE TABLE public.libros_genre (
    id bigint NOT NULL,
    name character varying(100) NOT NULL
);


ALTER TABLE public.libros_genre OWNER TO postgres;

--
-- TOC entry 240 (class 1259 OID 24905)
-- Name: libros_genre_id_seq; Type: SEQUENCE; Schema: public; Owner: postgres
--

ALTER TABLE public.libros_genre ALTER COLUMN id ADD GENERATED BY DEFAULT AS IDENTITY (
    SEQUENCE NAME public.libros_genre_id_seq
    START WITH 1
    INCREMENT BY 1
    NO MINVALUE
    NO MAXVALUE
    CACHE 1
);


--
-- TOC entry 245 (class 1259 OID 24936)
-- Name: libros_rating; Type: TABLE; Schema: public; Owner: postgres
--

CREATE TABLE public.libros_rating (
    id bigint NOT NULL,
    score smallint NOT NULL,
    comment text,
    created_at timestamp with time zone NOT NULL,
    book_id bigint NOT NULL,
    user_id integer NOT NULL,
    CONSTRAINT libros_rating_score_check CHECK ((score >= 0))
);


ALTER TABLE public.libros_rating OWNER TO postgres;

--
-- TOC entry 244 (class 1259 OID 24935)
-- Name: libros_rating_id_seq; Type: SEQUENCE; Schema: public; Owner: postgres
--

ALTER TABLE public.libros_rating ALTER COLUMN id ADD GENERATED BY DEFAULT AS IDENTITY (
    SEQUENCE NAME public.libros_rating_id_seq
    START WITH 1
    INCREMENT BY 1
    NO MINVALUE
    NO MAXVALUE
    CACHE 1
);


--
-- TOC entry 5052 (class 0 OID 24755)
-- Dependencies: 224
-- Data for Name: auth_group; Type: TABLE DATA; Schema: public; Owner: postgres
--

COPY public.auth_group (id, name) FROM stdin;
\.


--
-- TOC entry 5054 (class 0 OID 24763)
-- Dependencies: 226
-- Data for Name: auth_group_permissions; Type: TABLE DATA; Schema: public; Owner: postgres
--

COPY public.auth_group_permissions (id, group_id, permission_id) FROM stdin;
\.


--
-- TOC entry 5050 (class 0 OID 24749)
-- Dependencies: 222
-- Data for Name: auth_permission; Type: TABLE DATA; Schema: public; Owner: postgres
--

COPY public.auth_permission (id, name, content_type_id, codename) FROM stdin;
1	Can add log entry	1	add_logentry
2	Can change log entry	1	change_logentry
3	Can delete log entry	1	delete_logentry
4	Can view log entry	1	view_logentry
5	Can add permission	2	add_permission
6	Can change permission	2	change_permission
7	Can delete permission	2	delete_permission
8	Can view permission	2	view_permission
9	Can add group	3	add_group
10	Can change group	3	change_group
11	Can delete group	3	delete_group
12	Can view group	3	view_group
13	Can add user	4	add_user
14	Can change user	4	change_user
15	Can delete user	4	delete_user
16	Can view user	4	view_user
17	Can add content type	5	add_contenttype
18	Can change content type	5	change_contenttype
19	Can delete content type	5	delete_contenttype
20	Can view content type	5	view_contenttype
21	Can add session	6	add_session
22	Can change session	6	change_session
23	Can delete session	6	delete_session
24	Can view session	6	view_session
25	Can add author	7	add_author
26	Can change author	7	change_author
27	Can delete author	7	delete_author
28	Can view author	7	view_author
29	Can add book	8	add_book
30	Can change book	8	change_book
31	Can delete book	8	delete_book
32	Can view book	8	view_book
33	Can add genre	9	add_genre
34	Can change genre	9	change_genre
35	Can delete genre	9	delete_genre
36	Can view genre	9	view_genre
37	Can add rating	10	add_rating
38	Can change rating	10	change_rating
39	Can delete rating	10	delete_rating
40	Can view rating	10	view_rating
\.


--
-- TOC entry 5056 (class 0 OID 24769)
-- Dependencies: 228
-- Data for Name: auth_user; Type: TABLE DATA; Schema: public; Owner: postgres
--

COPY public.auth_user (id, password, last_login, is_superuser, username, first_name, last_name, email, is_staff, is_active, date_joined) FROM stdin;
2	pbkdf2_sha256$1000000$ltoGYm8SREMKiqBfhLt7Sz$uTe7knkjqApCQWgjmpeBEqYoDgVAtSVjRDfkHrfiNC4=	\N	f	Nath			lunameyer474@gmail.com	f	t	2025-05-26 17:29:49.38436-03
3	pbkdf2_sha256$1000000$yrezsiVlkplYiDuYjZDLaH$mh2LYs6uTda5FJ+CGEI3xlXF/PjfMJ6DqbQbZ2SO8a8=	2025-05-26 18:38:31-03	f	Sabrina	Sabrina	Be		f	t	2025-05-26 18:37:58-03
4	pbkdf2_sha256$1000000$SZco3M03SebzaP3L5cHNuq$/zGOaY6I7dLyj0xjmkW8WO7Rqxg9YTiiTTuWpQuZLAY=	\N	f	Magali			lunameyer474@gmail.com	f	t	2025-06-04 19:45:20.04589-03
5	pbkdf2_sha256$1000000$xqCaz2tEWLnwb2rGpVRxg9$ODRDnuqbXw21cIKM8+PTaYzhM1wdsD3atUao9NgTelY=	2025-06-24 20:08:39.623261-03	f	Admin2			lunameyer474@gmail.com	t	t	2025-06-24 20:06:46-03
1	pbkdf2_sha256$1000000$zq22wR9PKyG4gEPiEfS2Ze$EgptZFSgKif4RQH6BDDdDqK6oNzoAn+yD37tq+Yr2OM=	2025-07-08 20:11:30.027617-03	t	admin			lunameyer474@gmail.com	t	t	2025-05-26 17:05:03.556986-03
\.


--
-- TOC entry 5058 (class 0 OID 24777)
-- Dependencies: 230
-- Data for Name: auth_user_groups; Type: TABLE DATA; Schema: public; Owner: postgres
--

COPY public.auth_user_groups (id, user_id, group_id) FROM stdin;
\.


--
-- TOC entry 5060 (class 0 OID 24783)
-- Dependencies: 232
-- Data for Name: auth_user_user_permissions; Type: TABLE DATA; Schema: public; Owner: postgres
--

COPY public.auth_user_user_permissions (id, user_id, permission_id) FROM stdin;
\.


--
-- TOC entry 5062 (class 0 OID 24841)
-- Dependencies: 234
-- Data for Name: django_admin_log; Type: TABLE DATA; Schema: public; Owner: postgres
--

COPY public.django_admin_log (id, action_time, object_id, object_repr, action_flag, change_message, content_type_id, user_id) FROM stdin;
1	2025-05-26 17:51:37.125532-03	1	Gabriel García Márquez	1	[{"added": {}}]	7	1
2	2025-05-26 18:22:18.640264-03	2	El Amor En Los Tiempos Del Cólera	1	[{"added": {}}]	8	1
3	2025-05-26 18:24:34.008437-03	1	Cien años de soledad	2	[{"changed": {"fields": ["Isbn"]}}]	8	1
4	2025-05-26 18:33:05.162917-03	2	El Amor En Los Tiempos Del Cólera	2	[{"changed": {"fields": ["Enlace de descarga"]}}]	8	1
5	2025-05-26 18:34:38.291265-03	1	Cien años de soledad	2	[{"changed": {"fields": ["Enlace de descarga"]}}]	8	1
6	2025-05-26 18:37:58.885395-03	3	Sabrina	1	[{"added": {}}]	4	1
7	2025-05-26 18:40:48.570999-03	3	Sabrina	2	[{"changed": {"fields": ["First name", "Last name", "Last login"]}}]	4	1
8	2025-05-28 20:36:51.293647-03	1	Drama	1	[{"added": {}}]	9	1
9	2025-05-28 20:38:33.78444-03	2	Romantica	1	[{"added": {}}]	9	1
10	2025-05-28 20:40:34.114866-03	2	El Amor En Los Tiempos Del Cólera	2	[{"changed": {"fields": ["Published date"]}}]	8	1
11	2025-05-28 20:42:14.180197-03	3	Clásicos	1	[{"added": {}}]	9	1
12	2025-05-28 20:47:25.315893-03	4	Ficción	1	[{"added": {}}]	9	1
13	2025-05-28 20:48:05.987751-03	2	El Amor En Los Tiempos Del Cólera	2	[{"changed": {"fields": ["G\\u00e9neros"]}}]	8	1
14	2025-05-28 21:04:58.884407-03	1	admin - Cien años de soledad - 4⭐	1	[{"added": {}}]	10	1
15	2025-06-04 18:03:44.027973-03	2	Jane Austen	1	[{"added": {}}]	7	1
16	2025-06-04 18:04:19.588923-03	5	Novela	1	[{"added": {}}]	9	1
17	2025-06-04 18:07:46.278371-03	3	Orgullo y Prejuicio	1	[{"added": {}}]	8	1
18	2025-06-04 18:15:44.13424-03	3	Orgullo y Prejuicio	2	[{"changed": {"fields": ["G\\u00e9neros"]}}]	8	1
19	2025-06-04 18:17:57.508967-03	3	Julio Verne	1	[{"added": {}}]	7	1
20	2025-06-04 18:20:33.067204-03	6	Narrativa	1	[{"added": {}}]	9	1
21	2025-06-04 18:23:49.732318-03	4	Viaje al centro de la Tierra	1	[{"added": {}}]	8	1
22	2025-06-04 20:20:25.88256-03	1	Cien años de soledad	2	[{"changed": {"fields": ["G\\u00e9neros"]}}]	8	1
23	2025-06-04 20:32:37.890882-03	3	admin - Orgullo y Prejuicio - 3⭐	1	[{"added": {}}]	10	1
24	2025-06-04 20:32:48.52786-03	4	Magali - Orgullo y Prejuicio - 5⭐	1	[{"added": {}}]	10	1
25	2025-06-04 20:32:58.042739-03	5	Nath - Cien años de soledad - 4⭐	1	[{"added": {}}]	10	1
26	2025-06-04 20:33:44.936477-03	6	Sabrina - Viaje al centro de la Tierra - 5⭐	1	[{"added": {}}]	10	1
27	2025-06-04 20:34:16.059988-03	7	Nath - El Amor En Los Tiempos Del Cólera - 4⭐	1	[{"added": {}}]	10	1
28	2025-06-24 20:08:29.171179-03	5	Admin2	2	[{"changed": {"fields": ["Staff status"]}}]	4	1
29	2025-07-08 00:19:09.460974-03	5	La Vuelta al Mundo en Ochenta Días	1	[{"added": {}}]	8	1
30	2025-07-08 00:21:41.133453-03	6	De La Tierra A La Luna	1	[{"added": {}}]	8	1
31	2025-07-08 00:26:30.779538-03	7	Contemporaneo	1	[{"added": {}}]	9	1
32	2025-07-08 00:26:59.040921-03	7	Emma	1	[{"added": {}}]	8	1
33	2025-07-08 00:28:32.123089-03	8	Sentido y Sensibilidad	1	[{"added": {}}]	8	1
34	2025-07-08 00:32:40.407309-03	9	Persuasion	1	[{"added": {}}]	8	1
35	2025-07-08 00:45:07.172678-03	10	Crónica De Una Muerte Anunciada	1	[{"added": {}}]	8	1
36	2025-07-08 00:46:59.971928-03	11	El Coronel No Tiene Quien Le Escriba	1	[{"added": {}}]	8	1
37	2025-07-08 00:49:22.402659-03	12	En Agosto Nos Vemos	1	[{"added": {}}]	8	1
38	2025-07-08 00:55:03.383944-03	4	Haruki Murakami	1	[{"added": {}}]	7	1
39	2025-07-08 00:56:18.159588-03	8	Thrillers	1	[{"added": {}}]	9	1
40	2025-07-08 00:56:34.393042-03	8	Thriller	2	[{"changed": {"fields": ["Nombre del g\\u00e9nero"]}}]	9	1
41	2025-07-08 00:56:51.804746-03	13	Tokio Blues	1	[{"added": {}}]	8	1
42	2025-07-08 01:21:47.645038-03	14	Kafka En La Orilla	1	[{"added": {}}]	8	1
43	2025-07-08 01:22:53.781816-03	9	Suspenso	1	[{"added": {}}]	9	1
44	2025-07-08 01:23:13.376011-03	10	Misterio	1	[{"added": {}}]	9	1
45	2025-07-08 01:23:33.668221-03	15	After Dark - Bolsillo	1	[{"added": {}}]	8	1
46	2025-07-08 01:27:00.809351-03	11	Fantástica	1	[{"added": {}}]	9	1
47	2025-07-08 01:27:28.909352-03	16	La Ciudad y Sus Muro Inciertos	1	[{"added": {}}]	8	1
48	2025-07-08 01:29:01.397775-03	17	Cronica Del Pajaro Que Da Cuerda Al Mundo	1	[{"added": {}}]	8	1
49	2025-07-08 01:31:12.167494-03	12	Cuento	1	[{"added": {}}]	9	1
50	2025-07-08 01:31:35.847589-03	18	Hombres Sin Mujeres	1	[{"added": {}}]	8	1
51	2025-07-08 01:32:38.652475-03	19	Primera Persona Del Singular	1	[{"added": {}}]	8	1
52	2025-07-08 01:33:36.100768-03	13	Terror	1	[{"added": {}}]	9	1
53	2025-07-08 01:34:06.667866-03	20	Los Años De Peregrinación Del Chico Sin Color	1	[{"added": {}}]	8	1
54	2025-07-08 01:36:41.902817-03	21	Al Sur De La Frontera, Al Oeste Del Sol	1	[{"added": {}}]	8	1
55	2025-07-08 01:38:48.605014-03	22	El Elefante Desaparece	1	[{"added": {}}]	8	1
56	2025-07-08 01:39:58.419516-03	5	Augusto Roa Bastos	1	[{"added": {}}]	7	1
57	2025-07-08 01:43:43.281305-03	14	Nacional	1	[{"added": {}}]	9	1
58	2025-07-08 01:43:52.400961-03	23	El Trueno Entre Las Hojas	1	[{"added": {}}]	8	1
59	2025-07-08 19:21:02.736032-03	24	Contravida	1	[{"added": {}}]	8	1
60	2025-07-08 19:23:10.728565-03	25	Cuentos Para La Humanidad Joven	1	[{"added": {}}]	8	1
61	2025-07-08 19:24:54.776057-03	26	Hijo De Hombre	1	[{"added": {}}]	8	1
62	2025-07-08 19:26:02.481869-03	27	Madama Sui	1	[{"added": {}}]	8	1
63	2025-07-08 19:33:15.852683-03	6	Sthepen King	1	[{"added": {}}]	7	1
64	2025-07-08 19:35:11.372075-03	28	El Resplandor	1	[{"added": {}}]	8	1
65	2025-07-08 19:36:34.338497-03	29	La Tienda	1	[{"added": {}}]	8	1
66	2025-07-08 19:37:38.932134-03	30	Quien Pierde Paga	1	[{"added": {}}]	8	1
67	2025-07-08 19:39:15.203257-03	31	La Zona Muerta	1	[{"added": {}}]	8	1
68	2025-07-08 19:40:20.930444-03	6	Stephen King	2	[{"changed": {"fields": ["Name"]}}]	7	1
69	2025-07-08 19:42:22.592513-03	32	Las Cuatro Estaciones II - Otoño E Invierno	1	[{"added": {}}]	8	1
70	2025-07-08 19:43:29.528359-03	33	Carrie	1	[{"added": {}}]	8	1
71	2025-07-08 19:44:36.803029-03	34	Holly Ingles	1	[{"added": {}}]	8	1
72	2025-07-08 19:46:07.682574-03	35	Si Te Gusta La Oscuridad	1	[{"added": {}}]	8	1
73	2025-07-08 19:47:13.479091-03	36	Revival	1	[{"added": {}}]	8	1
74	2025-07-08 19:48:19.081459-03	15	Acción	1	[{"added": {}}]	9	1
75	2025-07-08 19:48:39.460947-03	37	El Ciclo Del Hombre Lobo	1	[{"added": {}}]	8	1
76	2025-07-08 19:55:29.458623-03	7	Sarah J. Maas	1	[{"added": {}}]	7	1
77	2025-07-08 19:59:11.942779-03	38	Una Corte De Rosas y Espinas	1	[{"added": {}}]	8	1
78	2025-07-08 20:01:09.279086-03	39	Trono De Cristal 1	1	[{"added": {}}]	8	1
79	2025-07-08 20:02:16.218287-03	11	Fantácia	2	[{"changed": {"fields": ["Nombre del g\\u00e9nero"]}}]	9	1
80	2025-07-08 20:02:54.341887-03	11	Fantástica	2	[{"changed": {"fields": ["Nombre del g\\u00e9nero"]}}]	9	1
81	2025-07-08 20:03:18.860565-03	40	Una Corte De Niebla y Furia	1	[{"added": {}}]	8	1
82	2025-07-08 20:04:38.012573-03	41	Una Corte De Llamas Plateadas	1	[{"added": {}}]	8	1
83	2025-07-08 20:05:36.47103-03	42	Una Corte De Alas y Ruina	1	[{"added": {}}]	8	1
84	2025-07-08 20:07:28.319217-03	43	Ciudad Medialuna 3 Casa De Llama y Sombra	1	[{"added": {}}]	8	1
85	2025-07-08 20:08:58.728001-03	44	Ciudad Medialuna 1 Casa De Tierra y Sangre	1	[{"added": {}}]	8	1
86	2025-07-08 20:12:36.52728-03	45	Una Corte De Niebla y Furia	1	[{"added": {}}]	8	1
87	2025-07-08 20:13:59.722068-03	46	Trono De Cristal 4 Reina De Sombras	1	[{"added": {}}]	8	1
88	2025-07-08 20:22:00.131601-03	8	Alice Kellen	1	[{"added": {}}]	7	1
89	2025-07-08 20:25:53.472936-03	47	Nosotros En La Luna	1	[{"added": {}}]	8	1
90	2025-07-08 20:27:06.993775-03	48	Todo Lo Que Nunca Fuimos 1 Deja Que Ocurra	1	[{"added": {}}]	8	1
91	2025-07-08 20:28:26.398889-03	49	El Dia Que Dejo De Nevar En Alaska	1	[{"added": {}}]	8	1
92	2025-07-08 20:29:43.624555-03	50	El Mapa De Los Anhelos	1	[{"added": {}}]	8	1
93	2025-07-08 20:32:10.537424-03	51	El Chico Que Dibujaba Constelaciones	1	[{"added": {}}]	8	1
94	2025-07-08 20:34:55.137529-03	52	Donde Todo Brilla	1	[{"added": {}}]	8	1
95	2025-07-08 20:36:12.107401-03	53	Nosotros En La Luna	1	[{"added": {}}]	8	1
96	2025-07-08 20:38:27.582786-03	54	Todo Lo Que Somos Juntos 2	1	[{"added": {}}]	8	1
97	2025-07-08 20:40:46.479571-03	55	Otra Vez Tu	1	[{"added": {}}]	8	1
98	2025-07-08 20:45:23.893897-03	9	Stephenie Meyer	1	[{"added": {}}]	7	1
99	2025-07-08 20:49:58.185059-03	56	Saga Crepusculo 1 Crepusculo	1	[{"added": {}}]	8	1
100	2025-07-08 20:52:47.892886-03	57	Saga Crepusculo 2 Luna Nueva	1	[{"added": {}}]	8	1
101	2025-07-08 20:54:22.279338-03	58	Saga Crepusculo 3 Eclipse	1	[{"added": {}}]	8	1
102	2025-07-08 20:57:33.695577-03	59	Saga Crepusculo 4 Amanecer	1	[{"added": {}}]	8	1
103	2025-07-08 20:58:48.641014-03	60	Sol De Medianoche	1	[{"added": {}}]	8	1
104	2025-07-08 20:59:59.682652-03	61	La Huesped	1	[{"added": {}}]	8	1
105	2025-07-08 21:01:23.143295-03	62	La Quimica	1	[{"added": {}}]	8	1
106	2025-07-08 21:19:28.436179-03	10	Jennifer L. Armentrout	1	[{"added": {}}]	7	1
107	2025-07-08 21:23:00.113158-03	63	De Sangre y Cenizas Libro I	1	[{"added": {}}]	8	1
108	2025-07-08 21:28:20.402115-03	64	Un Reino De Carne y Fuego Libro 2	1	[{"added": {}}]	8	1
109	2025-07-08 21:51:31.107905-03	65	Una Corona De Huesos Dorados Libro 3	1	[{"added": {}}]	8	1
110	2025-07-08 21:52:23.735551-03	66	Un Alma De Ceniza y Sangre	1	[{"added": {}}]	8	1
111	2025-07-08 21:53:32.706207-03	67	Una Sombra En Las Brasas	1	[{"added": {}}]	8	1
112	2025-07-08 21:54:24.525861-03	68	La Guerra De Las Dos Reinas Libro 4	1	[{"added": {}}]	8	1
113	2025-07-08 21:55:16.76989-03	69	Una Luz En La Llama	1	[{"added": {}}]	8	1
114	2025-07-08 21:56:16.614032-03	70	Un Fuego En La Carne 3	1	[{"added": {}}]	8	1
115	2025-07-08 21:57:46.118455-03	71	Furia y Tormenta	1	[{"added": {}}]	8	1
116	2025-07-08 21:58:34.76954-03	72	Gracia y Gloria	1	[{"added": {}}]	8	1
117	2025-07-08 21:59:24.069185-03	73	Rabia y Perdicion	1	[{"added": {}}]	8	1
118	2025-07-08 22:00:19.79582-03	74	El Principe	1	[{"added": {}}]	8	1
119	2025-07-08 22:23:24.290785-03	75	Saga Lux 1 Obsidian	1	[{"added": {}}]	8	1
120	2025-07-08 22:24:54.758844-03	76	Si No Hay Un Mañana	1	[{"added": {}}]	8	1
121	2025-07-08 22:29:20.455715-03	11	Viktor E. Frankl	1	[{"added": {}}]	7	1
122	2025-07-08 22:32:13.401763-03	16	Autoayuda	1	[{"added": {}}]	9	1
123	2025-07-08 22:32:27.624542-03	17	Psicología	1	[{"added": {}}]	9	1
124	2025-07-08 22:32:36.293032-03	77	El Hombre En Busca Del Sentido	1	[{"added": {}}]	8	1
125	2025-07-08 22:33:47.423162-03	78	Man´s Search For Meaning	1	[{"added": {}}]	8	1
126	2025-07-08 22:35:04.363938-03	18	Superación	1	[{"added": {}}]	9	1
127	2025-07-08 22:35:08.505229-03	79	A Pesar De Todo Decir Si A La Vida	1	[{"added": {}}]	8	1
128	2025-07-08 22:35:57.151948-03	80	El Hombre En Busca Del Sentido Ultimo	1	[{"added": {}}]	8	1
129	2025-07-08 23:52:41.162619-03	8	Sabrina - Orgullo y Prejuicio - 1⭐	1	[{"added": {}}]	10	1
130	2025-07-08 23:52:54.401796-03	9	admin - El Dia Que Dejo De Nevar En Alaska - 5⭐	1	[{"added": {}}]	10	1
131	2025-07-08 23:53:05.484043-03	10	admin - El Chico Que Dibujaba Constelaciones - 1⭐	1	[{"added": {}}]	10	1
132	2025-07-08 23:53:13.282742-03	11	admin - El Mapa De Los Anhelos - 3⭐	1	[{"added": {}}]	10	1
133	2025-07-08 23:53:19.532749-03	12	admin - Donde Todo Brilla - 4⭐	1	[{"added": {}}]	10	1
134	2025-07-08 23:53:27.503838-03	13	admin - Nosotros En La Luna - 4⭐	1	[{"added": {}}]	10	1
135	2025-07-08 23:53:32.845626-03	14	admin - Todo Lo Que Somos Juntos 2 - 2⭐	1	[{"added": {}}]	10	1
136	2025-07-08 23:53:38.666348-03	15	admin - Otra Vez Tu - 4⭐	1	[{"added": {}}]	10	1
137	2025-07-08 23:53:45.715989-03	16	admin - Emma - 2⭐	1	[{"added": {}}]	10	1
138	2025-07-08 23:53:52.382246-03	17	admin - Saga Crepusculo 1 Crepusculo - 3⭐	1	[{"added": {}}]	10	1
139	2025-07-08 23:54:16.601912-03	18	admin - Viaje al centro de la Tierra - 3⭐	1	[{"added": {}}]	10	1
140	2025-07-08 23:54:33.217151-03	19	admin - La Vuelta al Mundo en Ochenta Días - 5⭐	1	[{"added": {}}]	10	1
141	2025-07-08 23:54:41.40881-03	20	admin - De La Tierra A La Luna - 4⭐	1	[{"added": {}}]	10	1
142	2025-07-08 23:55:02.929727-03	21	admin - Sentido y Sensibilidad - 2⭐	1	[{"added": {}}]	10	1
143	2025-07-08 23:55:11.434821-03	22	admin - Persuasion - 1⭐	1	[{"added": {}}]	10	1
144	2025-07-08 23:55:17.980202-03	23	admin - After Dark - Bolsillo - 3⭐	1	[{"added": {}}]	10	1
145	2025-07-08 23:55:24.832241-03	24	admin - Crónica De Una Muerte Anunciada - 5⭐	1	[{"added": {}}]	10	1
146	2025-07-08 23:55:41.807325-03	25	admin - El Coronel No Tiene Quien Le Escriba - 4⭐	1	[{"added": {}}]	10	1
147	2025-07-08 23:55:47.871578-03	26	admin - En Agosto Nos Vemos - 3⭐	1	[{"added": {}}]	10	1
148	2025-07-08 23:55:57.365026-03	27	admin - Tokio Blues - 4⭐	1	[{"added": {}}]	10	1
149	2025-07-08 23:56:03.587502-03	28	admin - Kafka En La Orilla - 3⭐	1	[{"added": {}}]	10	1
150	2025-07-08 23:56:11.185744-03	29	admin - La Ciudad y Sus Muro Inciertos - 3⭐	1	[{"added": {}}]	10	1
151	2025-07-08 23:56:18.758466-03	30	admin - Cronica Del Pajaro Que Da Cuerda Al Mundo - 2⭐	1	[{"added": {}}]	10	1
152	2025-07-08 23:56:27.059609-03	31	admin - Hombres Sin Mujeres - 1⭐	1	[{"added": {}}]	10	1
153	2025-07-08 23:56:39.711421-03	32	admin - Primera Persona Del Singular - 3⭐	1	[{"added": {}}]	10	1
154	2025-07-08 23:56:48.363898-03	33	admin - Los Años De Peregrinación Del Chico Sin Color - 3⭐	1	[{"added": {}}]	10	1
155	2025-07-08 23:56:53.19278-03	34	admin - Al Sur De La Frontera, Al Oeste Del Sol - 5⭐	1	[{"added": {}}]	10	1
156	2025-07-08 23:57:00.758636-03	35	admin - El Elefante Desaparece - 3⭐	1	[{"added": {}}]	10	1
157	2025-07-08 23:57:06.999252-03	36	admin - El Trueno Entre Las Hojas - 5⭐	1	[{"added": {}}]	10	1
158	2025-07-08 23:57:13.076609-03	37	admin - Contravida - 1⭐	1	[{"added": {}}]	10	1
159	2025-07-08 23:57:25.523561-03	38	admin - Cuentos Para La Humanidad Joven - 3⭐	1	[{"added": {}}]	10	1
160	2025-07-08 23:57:30.757359-03	39	admin - Hijo De Hombre - 4⭐	1	[{"added": {}}]	10	1
161	2025-07-08 23:57:41.513424-03	40	admin - Madama Sui - 3⭐	1	[{"added": {}}]	10	1
162	2025-07-08 23:57:46.797499-03	41	admin - El Resplandor - 2⭐	1	[{"added": {}}]	10	1
163	2025-07-08 23:57:52.173466-03	42	admin - La Tienda - 1⭐	1	[{"added": {}}]	10	1
164	2025-07-08 23:57:57.822802-03	43	admin - Quien Pierde Paga - 4⭐	1	[{"added": {}}]	10	1
165	2025-07-08 23:58:04.712969-03	44	admin - La Zona Muerta - 3⭐	1	[{"added": {}}]	10	1
166	2025-07-08 23:58:10.382406-03	45	admin - Las Cuatro Estaciones II - Otoño E Invierno - 1⭐	1	[{"added": {}}]	10	1
167	2025-07-08 23:58:15.396467-03	46	admin - Carrie - 3⭐	1	[{"added": {}}]	10	1
168	2025-07-08 23:58:23.158986-03	47	admin - Holly Ingles - 3⭐	1	[{"added": {}}]	10	1
169	2025-07-08 23:59:04.650601-03	48	admin - Si Te Gusta La Oscuridad - 2⭐	1	[{"added": {}}]	10	1
170	2025-07-08 23:59:16.139666-03	49	admin - Revival - 1⭐	1	[{"added": {}}]	10	1
171	2025-07-08 23:59:32.569651-03	50	admin - El Ciclo Del Hombre Lobo - 4⭐	1	[{"added": {}}]	10	1
172	2025-07-08 23:59:39.081895-03	51	admin - Una Corte De Rosas y Espinas - 2⭐	1	[{"added": {}}]	10	1
173	2025-07-08 23:59:45.562531-03	52	admin - Trono De Cristal 1 - 2⭐	1	[{"added": {}}]	10	1
174	2025-07-08 23:59:55.227012-03	53	admin - Una Corte De Niebla y Furia - 2⭐	1	[{"added": {}}]	10	1
175	2025-07-09 00:00:01.334533-03	54	admin - Una Corte De Llamas Plateadas - 3⭐	1	[{"added": {}}]	10	1
176	2025-07-09 00:00:07.030636-03	55	admin - Una Corte De Alas y Ruina - 2⭐	1	[{"added": {}}]	10	1
177	2025-07-09 00:00:19.072493-03	56	admin - Una Corte De Niebla y Furia - 2⭐	1	[{"added": {}}]	10	1
178	2025-07-09 00:00:25.439763-03	57	admin - Ciudad Medialuna 3 Casa De Llama y Sombra - 2⭐	1	[{"added": {}}]	10	1
179	2025-07-09 00:00:31.241293-03	58	admin - Ciudad Medialuna 1 Casa De Tierra y Sangre - 2⭐	1	[{"added": {}}]	10	1
180	2025-07-09 00:00:37.862519-03	59	admin - Trono De Cristal 4 Reina De Sombras - 3⭐	1	[{"added": {}}]	10	1
181	2025-07-09 00:00:43.50887-03	60	admin - Nosotros En La Luna - 3⭐	1	[{"added": {}}]	10	1
182	2025-07-09 00:00:50.937198-03	61	admin - Todo Lo Que Nunca Fuimos 1 Deja Que Ocurra - 4⭐	1	[{"added": {}}]	10	1
183	2025-07-09 00:00:58.558038-03	62	admin - Saga Crepusculo 2 Luna Nueva - 2⭐	1	[{"added": {}}]	10	1
184	2025-07-09 00:01:05.244765-03	63	admin - Saga Crepusculo 3 Eclipse - 2⭐	1	[{"added": {}}]	10	1
185	2025-07-09 00:01:10.086487-03	64	admin - Saga Crepusculo 4 Amanecer - 1⭐	1	[{"added": {}}]	10	1
186	2025-07-09 00:01:17.509844-03	65	admin - Sol De Medianoche - 3⭐	1	[{"added": {}}]	10	1
187	2025-07-09 00:01:34.701991-03	66	admin - La Huesped - 2⭐	1	[{"added": {}}]	10	1
188	2025-07-09 00:01:40.490439-03	67	admin - La Quimica - 2⭐	1	[{"added": {}}]	10	1
189	2025-07-09 00:01:47.902629-03	68	admin - De Sangre y Cenizas Libro I - 3⭐	1	[{"added": {}}]	10	1
190	2025-07-09 00:01:54.041392-03	69	admin - Un Reino De Carne y Fuego Libro 2 - 2⭐	1	[{"added": {}}]	10	1
191	2025-07-09 00:01:59.285187-03	70	admin - Una Corona De Huesos Dorados Libro 3 - 3⭐	1	[{"added": {}}]	10	1
192	2025-07-09 00:02:06.115247-03	71	admin - Un Alma De Ceniza y Sangre - 1⭐	1	[{"added": {}}]	10	1
193	2025-07-09 00:02:14.390942-03	72	admin - Una Sombra En Las Brasas - 3⭐	1	[{"added": {}}]	10	1
194	2025-07-09 00:02:19.252858-03	73	admin - La Guerra De Las Dos Reinas Libro 4 - 2⭐	1	[{"added": {}}]	10	1
195	2025-07-09 00:02:24.624794-03	74	admin - Una Luz En La Llama - 4⭐	1	[{"added": {}}]	10	1
196	2025-07-09 00:02:30.686291-03	75	admin - Un Fuego En La Carne 3 - 3⭐	1	[{"added": {}}]	10	1
197	2025-07-09 00:02:35.538473-03	76	admin - Furia y Tormenta - 2⭐	1	[{"added": {}}]	10	1
198	2025-07-09 00:02:40.784542-03	77	admin - Gracia y Gloria - 3⭐	1	[{"added": {}}]	10	1
199	2025-07-09 00:02:45.733612-03	78	admin - Rabia y Perdicion - 4⭐	1	[{"added": {}}]	10	1
200	2025-07-09 00:02:50.583786-03	79	admin - El Principe - 2⭐	1	[{"added": {}}]	10	1
201	2025-07-09 00:02:55.234708-03	80	admin - Saga Lux 1 Obsidian - 2⭐	1	[{"added": {}}]	10	1
202	2025-07-09 00:03:23.934557-03	81	Admin2 - El Dia Que Dejo De Nevar En Alaska - 4⭐	1	[{"added": {}}]	10	1
203	2025-07-09 00:03:30.756234-03	82	Admin2 - Cien años de soledad - 5⭐	1	[{"added": {}}]	10	1
204	2025-07-09 00:03:36.051017-03	83	Admin2 - La Vuelta al Mundo en Ochenta Días - 5⭐	1	[{"added": {}}]	10	1
205	2025-07-09 00:03:44.994102-03	84	Admin2 - El Amor En Los Tiempos Del Cólera - 3⭐	1	[{"added": {}}]	10	1
206	2025-07-09 00:03:53.804435-03	85	Admin2 - El Mapa De Los Anhelos - 4⭐	1	[{"added": {}}]	10	1
207	2025-07-09 00:04:05.318696-03	86	Admin2 - Donde Todo Brilla - 2⭐	1	[{"added": {}}]	10	1
208	2025-07-09 00:04:12.056584-03	87	Admin2 - Emma - 1⭐	1	[{"added": {}}]	10	1
209	2025-07-09 00:04:18.789833-03	88	Sabrina - Persuasion - 1⭐	1	[{"added": {}}]	10	1
210	2025-07-09 00:04:31.452204-03	89	Sabrina - Gracia y Gloria - 4⭐	1	[{"added": {}}]	10	1
211	2025-07-09 00:04:46.689899-03	90	Magali - La Ciudad y Sus Muro Inciertos - 3⭐	1	[{"added": {}}]	10	1
212	2025-07-09 00:04:53.752952-03	91	Nath - Si Te Gusta La Oscuridad - 1⭐	1	[{"added": {}}]	10	1
213	2025-07-09 00:05:03.719137-03	92	Nath - Una Corona De Huesos Dorados Libro 3 - 3⭐	1	[{"added": {}}]	10	1
214	2025-07-09 00:05:23.800652-03	93	Magali - Las Cuatro Estaciones II - Otoño E Invierno - 2⭐	1	[{"added": {}}]	10	1
215	2025-07-09 00:05:31.528291-03	94	Admin2 - La Tienda - 2⭐	1	[{"added": {}}]	10	1
216	2025-07-09 00:05:47.33607-03	95	Sabrina - Man´s Search For Meaning - 5⭐	1	[{"added": {}}]	10	1
217	2025-07-09 00:05:54.11751-03	96	Magali - Madama Sui - 4⭐	1	[{"added": {}}]	10	1
218	2025-07-09 00:06:14.588126-03	97	Nath - Cuentos Para La Humanidad Joven - 3⭐	1	[{"added": {}}]	10	1
219	2025-07-09 00:06:22.459167-03	98	Sabrina - Quien Pierde Paga - 1⭐	1	[{"added": {}}]	10	1
220	2025-07-09 00:06:31.6534-03	99	Admin2 - Los Años De Peregrinación Del Chico Sin Color - 4⭐	1	[{"added": {}}]	10	1
221	2025-07-09 00:06:48.017444-03	100	Sabrina - Holly Ingles - 5⭐	1	[{"added": {}}]	10	1
222	2025-07-09 00:06:55.314679-03	101	Sabrina - El Trueno Entre Las Hojas - 5⭐	1	[{"added": {}}]	10	1
223	2025-07-09 00:07:03.094376-03	102	Magali - El Ciclo Del Hombre Lobo - 1⭐	1	[{"added": {}}]	10	1
\.


--
-- TOC entry 5048 (class 0 OID 24741)
-- Dependencies: 220
-- Data for Name: django_content_type; Type: TABLE DATA; Schema: public; Owner: postgres
--

COPY public.django_content_type (id, app_label, model) FROM stdin;
1	admin	logentry
2	auth	permission
3	auth	group
4	auth	user
5	contenttypes	contenttype
6	sessions	session
7	libros	author
8	libros	book
9	libros	genre
10	libros	rating
\.


--
-- TOC entry 5046 (class 0 OID 24733)
-- Dependencies: 218
-- Data for Name: django_migrations; Type: TABLE DATA; Schema: public; Owner: postgres
--

COPY public.django_migrations (id, app, name, applied) FROM stdin;
1	contenttypes	0001_initial	2025-05-26 17:00:36.609916-03
2	auth	0001_initial	2025-05-26 17:00:36.665252-03
3	admin	0001_initial	2025-05-26 17:00:36.680052-03
4	admin	0002_logentry_remove_auto_add	2025-05-26 17:00:36.684498-03
5	admin	0003_logentry_add_action_flag_choices	2025-05-26 17:00:36.6895-03
6	contenttypes	0002_remove_content_type_name	2025-05-26 17:00:36.698493-03
7	auth	0002_alter_permission_name_max_length	2025-05-26 17:00:36.704204-03
8	auth	0003_alter_user_email_max_length	2025-05-26 17:00:36.708906-03
9	auth	0004_alter_user_username_opts	2025-05-26 17:00:36.712855-03
10	auth	0005_alter_user_last_login_null	2025-05-26 17:00:36.71814-03
11	auth	0006_require_contenttypes_0002	2025-05-26 17:00:36.720174-03
12	auth	0007_alter_validators_add_error_messages	2025-05-26 17:00:36.725442-03
13	auth	0008_alter_user_username_max_length	2025-05-26 17:00:36.734455-03
14	auth	0009_alter_user_last_name_max_length	2025-05-26 17:00:36.740807-03
15	auth	0010_alter_group_name_max_length	2025-05-26 17:00:36.746848-03
16	auth	0011_update_proxy_permissions	2025-05-26 17:00:36.751278-03
17	auth	0012_alter_user_first_name_max_length	2025-05-26 17:00:36.756964-03
18	libros	0001_initial	2025-05-26 17:00:36.773337-03
19	sessions	0001_initial	2025-05-26 17:00:36.780901-03
20	libros	0002_alter_author_email	2025-05-26 17:46:39.812553-03
21	libros	0003_book_download_url	2025-05-26 18:30:50.852223-03
22	libros	0004_genre_book_genres	2025-05-28 20:29:36.743951-03
23	libros	0005_rating	2025-05-28 20:56:46.747848-03
24	libros	0006_book_average_rating	2025-05-28 21:11:13.250505-03
\.


--
-- TOC entry 5067 (class 0 OID 24896)
-- Dependencies: 239
-- Data for Name: django_session; Type: TABLE DATA; Schema: public; Owner: postgres
--

COPY public.django_session (session_key, session_data, expire_date) FROM stdin;
awjo6indyulfgx0ccnm2mdi547l2f2fz	.eJxVjEEOwiAQRe_C2hAoDDIu3XsGMsBUqgaS0q6Md7dNutDte-__twi0LiWsnecwZXERWpx-WaT05LqL_KB6bzK1usxTlHsiD9vlrWV-XY_276BQL9taaaBoR42svQNiguiZrQcFcWOJjVbRoBpwZDwjKjAWU_Y4QCLnjPh8Adr6N1M:1uMvRq:2GSrslkRsqMy8bU0IOh5RgE4hTwwlWtLNR_7Byk9XPY	2025-06-18 18:14:58.949133-03
xowvqpj9mmgw46m50cdr0ll3er18qlkg	.eJxVjEEOwiAQRe_C2hAoDDIu3XsGMsBUqgaS0q6Md7dNutDte-__twi0LiWsnecwZXERWpx-WaT05LqL_KB6bzK1usxTlHsiD9vlrWV-XY_276BQL9taaaBoR42svQNiguiZrQcFcWOJjVbRoBpwZDwjKjAWU_Y4QCLnjPh8Adr6N1M:1uUClC:Cic7ziRXW1vq1jACt22zddzzaiHAs1NKqbHaEqqJJb0	2025-07-08 20:09:02.749276-03
tle8ntedc6p981mdpcv0pydkt89oxp2x	.eJxVjEEOwiAQRe_C2hAoDDIu3XsGMsBUqgaS0q6Md7dNutDte-__twi0LiWsnecwZXERWpx-WaT05LqL_KB6bzK1usxTlHsiD9vlrWV-XY_276BQL9taaaBoR42svQNiguiZrQcFcWOJjVbRoBpwZDwjKjAWU_Y4QCLnjPh8Adr6N1M:1uZHTG:58KOx-dmG0U9-fMgce_iUEV-khhPLx-_A_LGB4kgk5w	2025-07-22 20:11:30.030782-03
\.


--
-- TOC entry 5064 (class 0 OID 24870)
-- Dependencies: 236
-- Data for Name: libros_author; Type: TABLE DATA; Schema: public; Owner: postgres
--

COPY public.libros_author (id, name, email, bio) FROM stdin;
1	Gabriel García Márquez	\N	Nombre de nacimiento: Gabriel José García Márquez\r\nApodo: Gabito, Gabo\r\nNacimiento: 6 de marzo de 1927 · Aracataca, Magdalena, Colombia\r\nFallecimiento: 17 de abril de 2014 · (87 años) · Ciudad de México, México\r\nCausa de muerte: Linfoma y neumonía\r\nNacionalidad: Colombiana\r\nGéneros literarios: Novelas / Cuentos
2	Jane Austen	\N	Jane Austen (Steventon, 16 de diciembre de 1775 - Winchester, 18 de julio de 1817) fue una novelista británica que vivió durante la época georgiana. Nació en la rectoría de Steventon (Hampshire). Su familia pertenecía a la gentry británica (nobleza rural o burguesía agraria), contexto del que no salió y en el que sitúa todas sus obras, siempre en torno al matrimonio de su protagonista.
3	Julio Verne	\N	Jules Gabriel Verne, conocido en los países hispanohablantes como Julio Verne​ (Nantes, 8 de febrero de 1828-Amiens, 24 de marzo de 1905), fue un escritor, dramaturgo​ y poeta francés,[4]​ célebre por sus novelas de aventuras y por su profunda influencia en el género literario de la ciencia ficción.​ Sus novelas, siempre bien documentadas, están generalmente ambientadas en la segunda mitad del siglo XIX, teniendo en cuenta los avances tecnológicos de la época.
4	Haruki Murakami	\N	Haruki Murakami (村上 春樹) nació el 12 de enero de 1949 en Kioto, Japón. Es un escritor y traductor japonés reconocido internacionalmente, cuyas obras han sido traducidas a más de 50 idiomas. Su estilo literario ha sido influenciado por la literatura contemporánea norteamericana. A lo largo de su carrera, ha publicado numerosas novelas, cuentos y ensayos, y ha recibido varios premios literarios, consolidándose como una figura prominente en la literatura moderna.
5	Augusto Roa Bastos	\N	Destacado escritor paraguayo. Nació el 13 de junio de 1917 en Asunción, Paraguay, y falleció el 26 de abril de 2005 en Francia. Roa Bastos es mejor conocido por su novela monumental "Yo el Supremo", publicada en 1974, que ofrece una visión ficticia de la vida del dictador paraguayo José Gaspar Rodríguez de Francia. Su obra es conocida por su estilo innovador, que combina técnicas narrativas experimentales con una profunda exploración de la cultura y la historia paraguayas. Recibió numerosos premios y reconocimientos a lo largo de su carrera, incluyendo el Premio Cervantes en 1989, el más prestigioso galardón literario en lengua española. Su legado literario perdura hasta el día de hoy, y es ampliamente celebrado como uno de los grandes escritores de la literatura latinoamericana del siglo XX.
6	Stephen King	\N	Stephen Edwin King (Portland, Maine; 21 de septiembre de 1947), también conocido por su pseudónimo Richard Bachman, es un escritor estadounidense de novelas de terror, ficción sobrenatural, misterio, ciencia ficción y literatura fantástica.
7	Sarah J. Maas	\N	Sarah Janet Maas es una autora estadounidense conocida por sus novelas de ciencia ficción y fantasía para lectores adolescentes. Nació en Nueva York el 5 de marzo de 1986. Estudió escritura creativa y estudios religiosos en el Hamilton College en Clinton, Nueva York, donde se graduó en 2008. Actualmente está casada y vive en Pensilvania.
8	Alice Kellen	\N	Alice Kellen (Valencia, 1989) es una escritora española de literatura romántica juvenil y adulta. No se sabe mucho de la vida personal de la autora, sólo que su nombre real es Silvia Hervás. El seudónimo Alice Kellen lo eligió por Alicia en el país de las maravillas y Marian Keyes.
9	Stephenie Meyer	\N	Stephenie Meyer, nacida como Stephenie Morgan (Hartford, Connecticut, 24 de diciembre de 1973), es una escritora y productora de cine estadounidense. Su particular nombre ('Stephenie' en vez de 'Stephanie') viene del nombre de su padre, que se llamaba Stephen y decidió añadirle las letras "ie" para hacerlo un nombre de chica.
10	Jennifer L. Armentrout	\N	Jennifer Lynn Armentrout (nacida el 11 de junio de 1980) también conocida por el seudónimo de J. Lynn, es una escritora estadounidense de romance contemporáneo, new adult y fantasía.​ Varias de sus obras han aparecido en la lista de los más vendidos del The New York Times.\r\n\r\nConsiderada una autora "híbrida", debido al éxito por autopublicarse manteniendo contratos activos con pequeñas editoriales independientes y tradicionales.
11	Viktor E. Frankl	\N	Neurólogo, psiquiatra, filósofo y sobreviviente del Holocausto austriaco, conocido por su influyente obra "El hombre en busca de sentido", publicada por primera vez en 1946. Nacido el 26 de marzo de 1905 en Viena, Austria, y fallecido el 2 de septiembre de 1997 en Viena. "El hombre en busca de sentido" relata sus experiencias como prisionero en campos de concentración nazis durante la Segunda Guerra Mundial, así como sus reflexiones sobre la naturaleza del sufrimiento humano y la búsqueda de sentido en la vida. Basándose en sus propias vivencias y en la observación de sus compañeros de cautiverio, sostiene que incluso en las circunstancias más adversas, los seres humanos pueden encontrar significado y propósito a través del amor, el trabajo y la actitud frente al sufrimiento.Su trabajo ha tenido un impacto profundo en la psicología moderna y en la comprensión del sufrimiento humano y la resiliencia.
\.


--
-- TOC entry 5066 (class 0 OID 24880)
-- Dependencies: 238
-- Data for Name: libros_book; Type: TABLE DATA; Schema: public; Owner: postgres
--

COPY public.libros_book (id, title, published_date, isbn, stock, author_id, download_url, average_rating) FROM stdin;
1	Cien años de soledad	1967-05-30	9789871138142	10	1	https://drive.google.com/file/d/0B8i_fahFU7-ha3hrYmo5R1hfYU0/edit?usp=sharing	4.33
5	La Vuelta al Mundo en Ochenta Días	1872-11-07	9788417079307	6	3	\N	5.00
50	El Mapa De Los Anhelos	2022-04-01	9789504975762	2	8	\N	3.50
52	Donde Todo Brilla	2023-03-22	9789504980445	14	8	\N	3.00
51	El Chico Que Dibujaba Constelaciones	2020-11-17	9789504975793	3	7	\N	1.00
7	Emma	1815-12-23	9788415089629	1	2	\N	1.50
9	Persuasion	1817-12-20	9788415089476	1	2	\N	1.00
53	Nosotros En La Luna	2023-01-01	9788408266860	1	8	\N	4.00
54	Todo Lo Que Somos Juntos 2	2019-04-30	9789878220000	2	8	\N	2.00
55	Otra Vez Tu	2022-08-08	9788408244769	6	8	\N	4.00
72	Gracia y Gloria	2021-10-27	9788418582929	8	10	\N	3.50
56	Saga Crepusculo 1 Crepusculo	2015-10-06	9788466332965	0	9	\N	3.00
4	Viaje al centro de la Tierra	1864-11-25	9788417477271	2	3	\N	4.00
6	De La Tierra A La Luna	1865-10-14	9788417477370	2	3	\N	4.00
8	Sentido y Sensibilidad	1811-10-30	9788415089445	1	2	\N	2.00
16	La Ciudad y Sus Muro Inciertos	2023-04-13	9789876708104	100	4	\N	3.00
15	After Dark - Bolsillo	2004-01-01	9788483835623	3	4	\N	3.00
10	Crónica De Una Muerte Anunciada	1981-01-01	9789871138012	5	1	\N	5.00
11	El Coronel No Tiene Quien Le Escriba	1861-05-20	9789871138005	10	1	\N	4.00
12	En Agosto Nos Vemos	2024-03-06	9789500770224	3	1	\N	3.00
13	Tokio Blues	1987-09-04	9788483835043	100	4	\N	4.00
14	Kafka En La Orilla	2002-09-01	788483835241	15	4	\N	3.00
35	Si Te Gusta La Oscuridad	1962-08-04	9789585457980	22	6	\N	1.50
17	Cronica Del Pajaro Que Da Cuerda Al Mundo	1994-07-16	9788483835104	2	4	\N	2.00
18	Hombres Sin Mujeres	2014-07-22	9788490662670	1	4	\N	1.00
19	Primera Persona Del Singular	2020-07-01	9789876708098	18	4	\N	3.00
34	Holly Ingles	2023-09-05	9781668034491	34	6	\N	4.00
21	Al Sur De La Frontera, Al Oeste Del Sol	2013-04-13	9788483835036	2	4	\N	5.00
22	El Elefante Desaparece	1993-03-01	9788411071147	3	4	\N	3.00
37	El Ciclo Del Hombre Lobo	1983-11-01	9786287513631	4	6	\N	2.50
24	Contravida	1994-02-01	9789995304157	3	5	\N	1.00
30	Quien Pierde Paga	2015-06-02	9788466341660	4	6	\N	2.50
26	Hijo De Hombre	1960-02-01	9789992596173	18	5	\N	4.00
25	Cuentos Para La Humanidad Joven	2014-03-19	9789995306328	2	5	\N	3.00
28	El Resplandor	1977-02-28	9788466357319	100	6	\N	2.00
27	Madama Sui	1995-03-01	9789995301095	5	5	\N	3.50
20	Los Años De Peregrinación Del Chico Sin Color	2013-04-13	9788483839232	10	4	\N	3.50
31	La Zona Muerta	1979-08-30	9789589016800	34	6	\N	3.00
29	La Tienda	1991-10-01	9788466377133	70	6	\N	1.50
33	Carrie	1974-04-05	9789506447397	2	6	\N	3.00
23	El Trueno Entre Las Hojas	1953-07-16	9789992597569	5	5	\N	5.00
65	Una Corona De Huesos Dorados Libro 3	2022-07-06	9789874132833	1	10	\N	3.00
36	Revival	2014-11-11	978987725258	32	6	\N	1.00
39	Trono De Cristal 1	2012-08-14	9789877383171	0	7	\N	2.00
40	Una Corte De Niebla y Furia	2014-07-02	9786073914185	2	7	\N	2.00
41	Una Corte De Llamas Plateadas	2023-06-30	9789504974185	1	7	\N	3.00
42	Una Corte De Alas y Ruina	2017-11-01	9786073914208	1	7	\N	2.00
45	Una Corte De Niebla y Furia	2022-02-01	9786070785641	0	7	\N	2.00
43	Ciudad Medialuna 3 Casa De Llama y Sombra	2024-03-05	9786287659384	2	7	\N	2.00
44	Ciudad Medialuna 1 Casa De Tierra y Sangre	2024-07-13	9789585118553	1	7	\N	2.00
46	Trono De Cristal 4 Reina De Sombras	2017-02-01	9786073152464	0	7	\N	3.00
47	Nosotros En La Luna	2022-02-01	9789878435886	12	8	\N	3.00
48	Todo Lo Que Nunca Fuimos 1 Deja Que Ocurra	2020-02-16	9788408221951	10	8	\N	4.00
57	Saga Crepusculo 2 Luna Nueva	2009-11-06	9788466332972	2	9	\N	2.00
58	Saga Crepusculo 3 Eclipse	2016-11-07	9788466332989	3	9	\N	2.00
59	Saga Crepusculo 4 Amanecer	2017-11-19	9788466331432	10	9	\N	1.00
60	Sol De Medianoche	2020-08-04	9789877387308	2	9	\N	3.00
61	La Huesped	2008-05-06	9786071102683	1	9	\N	2.00
62	La Quimica	2016-11-08	9788491291244	11	9	\N	2.00
63	De Sangre y Cenizas Libro I	2021-01-01	9789874132550	2	10	\N	3.00
64	Un Reino De Carne y Fuego Libro 2	2022-02-08	9789874132673	2	10	\N	2.00
32	Las Cuatro Estaciones II - Otoño E Invierno	1982-08-27	9788497931960	77	6	\N	1.50
66	Un Alma De Ceniza y Sangre	2022-07-13	9789878977836	0	10	\N	1.00
67	Una Sombra En Las Brasas	2022-02-01	9789874132895	1	10	\N	3.00
68	La Guerra De Las Dos Reinas Libro 4	2022-02-01	9789878977140	2	10	\N	2.00
69	Una Luz En La Llama	2023-07-23	9789878977461	6	10	\N	4.00
70	Un Fuego En La Carne 3	2024-02-15	9786077488538	2	10	\N	3.00
71	Furia y Tormenta	2024-06-15	9788417376949	2	10	\N	2.00
73	Rabia y Perdicion	2021-03-10	9788418285837	2	10	\N	4.00
74	El Principe	2023-09-12	9786316524119	1	10	\N	2.00
49	El Dia Que Dejo De Nevar En Alaska	2017-10-09	9789878454313	12	8	\N	4.50
76	Si No Hay Un Mañana	2019-07-31	9789874132475	2	10	\N	4.00
77	El Hombre En Busca Del Sentido	1946-01-01	9788425432026	2	11	\N	5.00
79	A Pesar De Todo Decir Si A La Vida	2015-09-01	9788416820207	2	11	\N	3.00
80	El Hombre En Busca Del Sentido Ultimo	1946-01-01	9789584296115	2	11	\N	2.00
3	Orgullo y Prejuicio	1813-01-28	9788415089438	3	2	https://info-biblioteca.mincyt.gob.ve/wp-content/uploads/2024/06/Orgullo_y_prejuicio-Jane_Austen.pdf	3.00
38	Una Corte De Rosas y Espinas	2015-11-01	9789878221458	0	7	\N	2.00
75	Saga Lux 1 Obsidian	2012-11-05	9788415577522	7	10	\N	2.00
2	El Amor En Los Tiempos Del Cólera	1967-05-01	9789871138135	2	1	https://www.cervantesvirtual.com/descargaPdf/el-amor-en-los-tiempos-del-colera/	4.00
78	Man´s Search For Meaning	1946-07-21	9780807092156	3	11	\N	5.00
\.


--
-- TOC entry 5071 (class 0 OID 24914)
-- Dependencies: 243
-- Data for Name: libros_book_genres; Type: TABLE DATA; Schema: public; Owner: postgres
--

COPY public.libros_book_genres (id, book_id, genre_id) FROM stdin;
1	2	2
2	3	5
3	3	2
4	4	3
5	4	6
6	1	5
7	5	3
8	5	6
9	6	3
10	7	2
11	7	6
12	7	7
13	8	6
14	8	7
15	9	6
16	9	7
17	10	1
18	10	6
19	10	7
20	11	6
21	11	7
22	12	5
23	12	7
24	13	8
25	14	4
26	14	6
27	14	7
28	15	8
29	15	9
30	15	10
31	15	4
32	16	2
33	16	4
34	16	5
35	16	7
36	16	11
37	17	6
38	17	7
39	18	2
40	18	12
41	18	7
42	19	4
43	19	5
44	19	7
45	20	10
46	20	4
47	20	13
48	20	7
49	21	1
50	21	2
51	22	6
52	22	7
53	23	6
54	23	14
55	24	6
56	24	14
57	25	12
58	25	14
59	26	3
60	26	14
61	27	5
62	27	6
63	28	9
64	28	10
65	28	4
66	28	13
67	29	8
68	29	9
69	29	13
70	29	6
71	30	9
72	30	10
73	30	4
74	30	13
75	31	9
76	31	10
77	31	4
78	31	13
79	32	9
80	32	10
81	32	4
82	32	13
83	33	10
84	33	4
85	33	5
86	33	7
87	34	4
88	34	7
89	34	8
90	34	9
91	34	10
92	34	13
93	35	4
94	35	7
95	35	8
96	35	9
97	35	10
98	36	9
99	36	10
100	36	4
101	36	13
102	37	9
103	37	4
104	37	13
105	37	15
106	38	2
107	38	11
108	38	5
109	39	11
110	39	4
111	39	15
112	39	7
113	40	2
114	40	11
115	40	7
116	41	11
117	41	4
118	41	7
119	42	2
120	42	11
121	42	15
122	43	4
123	43	5
124	44	11
125	44	4
126	44	6
127	44	7
128	45	9
129	45	2
130	45	11
131	45	15
132	46	11
133	46	4
134	46	15
135	46	7
136	47	2
137	47	4
138	48	2
139	48	7
140	49	2
141	50	2
142	50	6
143	51	2
144	51	4
145	51	7
146	52	2
147	53	2
148	53	5
149	54	2
150	55	1
151	55	2
152	55	4
153	56	9
154	56	2
155	56	10
156	56	13
157	57	2
158	57	4
159	57	9
160	57	10
161	57	13
162	58	9
163	58	2
164	58	10
165	58	13
166	59	9
167	59	2
168	59	10
169	59	13
170	60	2
171	60	11
172	61	1
173	61	4
174	61	9
175	62	1
176	62	4
177	62	9
178	63	1
179	63	4
180	63	9
181	63	7
182	64	1
183	64	2
184	64	4
185	64	7
186	64	11
187	65	1
188	65	9
189	65	7
190	66	1
191	66	9
192	67	1
193	67	4
194	67	6
195	68	11
196	68	6
197	69	12
198	70	2
199	70	11
200	70	4
201	70	5
202	71	1
203	71	4
204	71	6
205	72	11
206	72	4
207	73	11
208	73	6
209	74	4
210	75	4
211	75	6
212	76	2
213	76	6
214	77	16
215	77	17
216	78	16
217	78	17
218	78	6
219	79	18
220	80	17
\.


--
-- TOC entry 5069 (class 0 OID 24906)
-- Dependencies: 241
-- Data for Name: libros_genre; Type: TABLE DATA; Schema: public; Owner: postgres
--

COPY public.libros_genre (id, name) FROM stdin;
1	Drama
2	Romantica
3	Clásicos
4	Ficción
5	Novela
6	Narrativa
7	Contemporaneo
8	Thriller
9	Suspenso
10	Misterio
12	Cuento
13	Terror
14	Nacional
15	Acción
11	Fantástica
16	Autoayuda
17	Psicología
18	Superación
\.


--
-- TOC entry 5073 (class 0 OID 24936)
-- Dependencies: 245
-- Data for Name: libros_rating; Type: TABLE DATA; Schema: public; Owner: postgres
--

COPY public.libros_rating (id, score, comment, created_at, book_id, user_id) FROM stdin;
1	4		2025-05-28 21:04:58.882136-03	1	1
2	5	¡Increíble libro!	2025-06-04 18:31:35.066138-03	2	1
3	3		2025-06-04 20:32:37.888883-03	3	1
4	5		2025-06-04 20:32:48.525859-03	3	4
5	4		2025-06-04 20:32:58.039739-03	1	2
6	5	¡Me encantó!	2025-06-04 20:33:44.934475-03	4	3
7	4		2025-06-04 20:34:16.056988-03	2	2
8	1		2025-07-08 23:52:41.148602-03	3	3
9	5		2025-07-08 23:52:54.397818-03	49	1
10	1		2025-07-08 23:53:05.480065-03	51	1
11	3		2025-07-08 23:53:13.278727-03	50	1
12	4		2025-07-08 23:53:19.528734-03	52	1
13	4		2025-07-08 23:53:27.499627-03	53	1
14	2		2025-07-08 23:53:32.841625-03	54	1
15	4		2025-07-08 23:53:38.662349-03	55	1
16	2		2025-07-08 23:53:45.713002-03	7	1
17	3		2025-07-08 23:53:52.378231-03	56	1
18	3		2025-07-08 23:54:16.597912-03	4	1
19	5		2025-07-08 23:54:33.213698-03	5	1
20	4		2025-07-08 23:54:41.405078-03	6	1
21	2		2025-07-08 23:55:02.925704-03	8	1
22	1		2025-07-08 23:55:11.430806-03	9	1
23	3		2025-07-08 23:55:17.976194-03	15	1
24	5		2025-07-08 23:55:24.827725-03	10	1
25	4		2025-07-08 23:55:41.803311-03	11	1
26	3		2025-07-08 23:55:47.867605-03	12	1
27	4		2025-07-08 23:55:57.360792-03	13	1
28	3		2025-07-08 23:56:03.583333-03	14	1
29	3		2025-07-08 23:56:11.182741-03	16	1
30	2		2025-07-08 23:56:18.754466-03	17	1
31	1		2025-07-08 23:56:27.056429-03	18	1
32	3		2025-07-08 23:56:39.707406-03	19	1
33	3		2025-07-08 23:56:48.358883-03	20	1
34	5		2025-07-08 23:56:53.188767-03	21	1
35	3		2025-07-08 23:57:00.754636-03	22	1
36	5		2025-07-08 23:57:06.994163-03	23	1
37	1		2025-07-08 23:57:13.072607-03	24	1
38	3		2025-07-08 23:57:25.519582-03	25	1
39	4		2025-07-08 23:57:30.753363-03	26	1
40	3		2025-07-08 23:57:41.50942-03	27	1
41	2		2025-07-08 23:57:46.793494-03	28	1
42	1		2025-07-08 23:57:52.170496-03	29	1
43	4		2025-07-08 23:57:57.81883-03	30	1
44	3		2025-07-08 23:58:04.708994-03	31	1
45	1		2025-07-08 23:58:10.378278-03	32	1
46	3		2025-07-08 23:58:15.392467-03	33	1
47	3		2025-07-08 23:58:23.155971-03	34	1
48	2		2025-07-08 23:59:04.646336-03	35	1
49	1		2025-07-08 23:59:16.136386-03	36	1
50	4		2025-07-08 23:59:32.565646-03	37	1
51	2		2025-07-08 23:59:39.075891-03	38	1
52	2		2025-07-08 23:59:45.559538-03	39	1
53	2		2025-07-08 23:59:55.22237-03	40	1
54	3		2025-07-09 00:00:01.329585-03	41	1
55	2		2025-07-09 00:00:07.027679-03	42	1
56	2		2025-07-09 00:00:19.068471-03	45	1
57	2		2025-07-09 00:00:25.435359-03	43	1
58	2		2025-07-09 00:00:31.23731-03	44	1
59	3		2025-07-09 00:00:37.857415-03	46	1
60	3		2025-07-09 00:00:43.505334-03	47	1
61	4		2025-07-09 00:00:50.934183-03	48	1
62	2		2025-07-09 00:00:58.554048-03	57	1
63	2		2025-07-09 00:01:05.240741-03	58	1
64	1		2025-07-09 00:01:10.082471-03	59	1
65	3		2025-07-09 00:01:17.505843-03	60	1
66	2		2025-07-09 00:01:34.698977-03	61	1
67	2		2025-07-09 00:01:40.486426-03	62	1
68	3		2025-07-09 00:01:47.898631-03	63	1
69	2		2025-07-09 00:01:54.03838-03	64	1
70	3		2025-07-09 00:01:59.28117-03	65	1
71	1		2025-07-09 00:02:06.112237-03	66	1
72	3		2025-07-09 00:02:14.386941-03	67	1
73	2		2025-07-09 00:02:19.249858-03	68	1
74	4		2025-07-09 00:02:24.62078-03	69	1
75	3		2025-07-09 00:02:30.68237-03	70	1
76	2		2025-07-09 00:02:35.534533-03	71	1
77	3		2025-07-09 00:02:40.779529-03	72	1
78	4		2025-07-09 00:02:45.729655-03	73	1
79	2		2025-07-09 00:02:50.579731-03	74	1
80	2		2025-07-09 00:02:55.230655-03	75	1
81	4		2025-07-09 00:03:23.930126-03	49	5
82	5		2025-07-09 00:03:30.752232-03	1	5
83	5		2025-07-09 00:03:36.047018-03	5	5
84	3		2025-07-09 00:03:44.990116-03	2	5
85	4		2025-07-09 00:03:53.800419-03	50	5
86	2		2025-07-09 00:04:05.313657-03	52	5
87	1		2025-07-09 00:04:12.05267-03	7	5
88	1		2025-07-09 00:04:18.785816-03	9	3
89	4		2025-07-09 00:04:31.447916-03	72	3
90	3		2025-07-09 00:04:46.684905-03	16	4
91	1		2025-07-09 00:04:53.748938-03	35	2
92	3		2025-07-09 00:05:03.715754-03	65	2
93	2		2025-07-09 00:05:23.79777-03	32	4
94	2		2025-07-09 00:05:31.525677-03	29	5
95	5		2025-07-09 00:05:47.332069-03	78	3
96	4		2025-07-09 00:05:54.113494-03	27	4
97	3		2025-07-09 00:06:14.585652-03	25	2
98	1		2025-07-09 00:06:22.453182-03	30	3
99	4		2025-07-09 00:06:31.650414-03	20	5
100	5		2025-07-09 00:06:48.013433-03	34	3
101	5		2025-07-09 00:06:55.311561-03	23	3
102	1		2025-07-09 00:07:03.091352-03	37	4
\.


--
-- TOC entry 5079 (class 0 OID 0)
-- Dependencies: 223
-- Name: auth_group_id_seq; Type: SEQUENCE SET; Schema: public; Owner: postgres
--

SELECT pg_catalog.setval('public.auth_group_id_seq', 1, false);


--
-- TOC entry 5080 (class 0 OID 0)
-- Dependencies: 225
-- Name: auth_group_permissions_id_seq; Type: SEQUENCE SET; Schema: public; Owner: postgres
--

SELECT pg_catalog.setval('public.auth_group_permissions_id_seq', 1, false);


--
-- TOC entry 5081 (class 0 OID 0)
-- Dependencies: 221
-- Name: auth_permission_id_seq; Type: SEQUENCE SET; Schema: public; Owner: postgres
--

SELECT pg_catalog.setval('public.auth_permission_id_seq', 40, true);


--
-- TOC entry 5082 (class 0 OID 0)
-- Dependencies: 229
-- Name: auth_user_groups_id_seq; Type: SEQUENCE SET; Schema: public; Owner: postgres
--

SELECT pg_catalog.setval('public.auth_user_groups_id_seq', 1, false);


--
-- TOC entry 5083 (class 0 OID 0)
-- Dependencies: 227
-- Name: auth_user_id_seq; Type: SEQUENCE SET; Schema: public; Owner: postgres
--

SELECT pg_catalog.setval('public.auth_user_id_seq', 5, true);


--
-- TOC entry 5084 (class 0 OID 0)
-- Dependencies: 231
-- Name: auth_user_user_permissions_id_seq; Type: SEQUENCE SET; Schema: public; Owner: postgres
--

SELECT pg_catalog.setval('public.auth_user_user_permissions_id_seq', 1, false);


--
-- TOC entry 5085 (class 0 OID 0)
-- Dependencies: 233
-- Name: django_admin_log_id_seq; Type: SEQUENCE SET; Schema: public; Owner: postgres
--

SELECT pg_catalog.setval('public.django_admin_log_id_seq', 223, true);


--
-- TOC entry 5086 (class 0 OID 0)
-- Dependencies: 219
-- Name: django_content_type_id_seq; Type: SEQUENCE SET; Schema: public; Owner: postgres
--

SELECT pg_catalog.setval('public.django_content_type_id_seq', 10, true);


--
-- TOC entry 5087 (class 0 OID 0)
-- Dependencies: 217
-- Name: django_migrations_id_seq; Type: SEQUENCE SET; Schema: public; Owner: postgres
--

SELECT pg_catalog.setval('public.django_migrations_id_seq', 24, true);


--
-- TOC entry 5088 (class 0 OID 0)
-- Dependencies: 235
-- Name: libros_author_id_seq; Type: SEQUENCE SET; Schema: public; Owner: postgres
--

SELECT pg_catalog.setval('public.libros_author_id_seq', 11, true);


--
-- TOC entry 5089 (class 0 OID 0)
-- Dependencies: 242
-- Name: libros_book_genres_id_seq; Type: SEQUENCE SET; Schema: public; Owner: postgres
--

SELECT pg_catalog.setval('public.libros_book_genres_id_seq', 220, true);


--
-- TOC entry 5090 (class 0 OID 0)
-- Dependencies: 237
-- Name: libros_book_id_seq; Type: SEQUENCE SET; Schema: public; Owner: postgres
--

SELECT pg_catalog.setval('public.libros_book_id_seq', 80, true);


--
-- TOC entry 5091 (class 0 OID 0)
-- Dependencies: 240
-- Name: libros_genre_id_seq; Type: SEQUENCE SET; Schema: public; Owner: postgres
--

SELECT pg_catalog.setval('public.libros_genre_id_seq', 18, true);


--
-- TOC entry 5092 (class 0 OID 0)
-- Dependencies: 244
-- Name: libros_rating_id_seq; Type: SEQUENCE SET; Schema: public; Owner: postgres
--

SELECT pg_catalog.setval('public.libros_rating_id_seq', 102, true);


--
-- TOC entry 4827 (class 2606 OID 24867)
-- Name: auth_group auth_group_name_key; Type: CONSTRAINT; Schema: public; Owner: postgres
--

ALTER TABLE ONLY public.auth_group
    ADD CONSTRAINT auth_group_name_key UNIQUE (name);


--
-- TOC entry 4832 (class 2606 OID 24798)
-- Name: auth_group_permissions auth_group_permissions_group_id_permission_id_0cd325b0_uniq; Type: CONSTRAINT; Schema: public; Owner: postgres
--

ALTER TABLE ONLY public.auth_group_permissions
    ADD CONSTRAINT auth_group_permissions_group_id_permission_id_0cd325b0_uniq UNIQUE (group_id, permission_id);


--
-- TOC entry 4835 (class 2606 OID 24767)
-- Name: auth_group_permissions auth_group_permissions_pkey; Type: CONSTRAINT; Schema: public; Owner: postgres
--

ALTER TABLE ONLY public.auth_group_permissions
    ADD CONSTRAINT auth_group_permissions_pkey PRIMARY KEY (id);


--
-- TOC entry 4829 (class 2606 OID 24759)
-- Name: auth_group auth_group_pkey; Type: CONSTRAINT; Schema: public; Owner: postgres
--

ALTER TABLE ONLY public.auth_group
    ADD CONSTRAINT auth_group_pkey PRIMARY KEY (id);


--
-- TOC entry 4822 (class 2606 OID 24789)
-- Name: auth_permission auth_permission_content_type_id_codename_01ab375a_uniq; Type: CONSTRAINT; Schema: public; Owner: postgres
--

ALTER TABLE ONLY public.auth_permission
    ADD CONSTRAINT auth_permission_content_type_id_codename_01ab375a_uniq UNIQUE (content_type_id, codename);


--
-- TOC entry 4824 (class 2606 OID 24753)
-- Name: auth_permission auth_permission_pkey; Type: CONSTRAINT; Schema: public; Owner: postgres
--

ALTER TABLE ONLY public.auth_permission
    ADD CONSTRAINT auth_permission_pkey PRIMARY KEY (id);


--
-- TOC entry 4843 (class 2606 OID 24781)
-- Name: auth_user_groups auth_user_groups_pkey; Type: CONSTRAINT; Schema: public; Owner: postgres
--

ALTER TABLE ONLY public.auth_user_groups
    ADD CONSTRAINT auth_user_groups_pkey PRIMARY KEY (id);


--
-- TOC entry 4846 (class 2606 OID 24813)
-- Name: auth_user_groups auth_user_groups_user_id_group_id_94350c0c_uniq; Type: CONSTRAINT; Schema: public; Owner: postgres
--

ALTER TABLE ONLY public.auth_user_groups
    ADD CONSTRAINT auth_user_groups_user_id_group_id_94350c0c_uniq UNIQUE (user_id, group_id);


--
-- TOC entry 4837 (class 2606 OID 24773)
-- Name: auth_user auth_user_pkey; Type: CONSTRAINT; Schema: public; Owner: postgres
--

ALTER TABLE ONLY public.auth_user
    ADD CONSTRAINT auth_user_pkey PRIMARY KEY (id);


--
-- TOC entry 4849 (class 2606 OID 24787)
-- Name: auth_user_user_permissions auth_user_user_permissions_pkey; Type: CONSTRAINT; Schema: public; Owner: postgres
--

ALTER TABLE ONLY public.auth_user_user_permissions
    ADD CONSTRAINT auth_user_user_permissions_pkey PRIMARY KEY (id);


--
-- TOC entry 4852 (class 2606 OID 24827)
-- Name: auth_user_user_permissions auth_user_user_permissions_user_id_permission_id_14a6b632_uniq; Type: CONSTRAINT; Schema: public; Owner: postgres
--

ALTER TABLE ONLY public.auth_user_user_permissions
    ADD CONSTRAINT auth_user_user_permissions_user_id_permission_id_14a6b632_uniq UNIQUE (user_id, permission_id);


--
-- TOC entry 4840 (class 2606 OID 24862)
-- Name: auth_user auth_user_username_key; Type: CONSTRAINT; Schema: public; Owner: postgres
--

ALTER TABLE ONLY public.auth_user
    ADD CONSTRAINT auth_user_username_key UNIQUE (username);


--
-- TOC entry 4855 (class 2606 OID 24848)
-- Name: django_admin_log django_admin_log_pkey; Type: CONSTRAINT; Schema: public; Owner: postgres
--

ALTER TABLE ONLY public.django_admin_log
    ADD CONSTRAINT django_admin_log_pkey PRIMARY KEY (id);


--
-- TOC entry 4817 (class 2606 OID 24747)
-- Name: django_content_type django_content_type_app_label_model_76bd3d3b_uniq; Type: CONSTRAINT; Schema: public; Owner: postgres
--

ALTER TABLE ONLY public.django_content_type
    ADD CONSTRAINT django_content_type_app_label_model_76bd3d3b_uniq UNIQUE (app_label, model);


--
-- TOC entry 4819 (class 2606 OID 24745)
-- Name: django_content_type django_content_type_pkey; Type: CONSTRAINT; Schema: public; Owner: postgres
--

ALTER TABLE ONLY public.django_content_type
    ADD CONSTRAINT django_content_type_pkey PRIMARY KEY (id);


--
-- TOC entry 4815 (class 2606 OID 24739)
-- Name: django_migrations django_migrations_pkey; Type: CONSTRAINT; Schema: public; Owner: postgres
--

ALTER TABLE ONLY public.django_migrations
    ADD CONSTRAINT django_migrations_pkey PRIMARY KEY (id);


--
-- TOC entry 4867 (class 2606 OID 24902)
-- Name: django_session django_session_pkey; Type: CONSTRAINT; Schema: public; Owner: postgres
--

ALTER TABLE ONLY public.django_session
    ADD CONSTRAINT django_session_pkey PRIMARY KEY (session_key);


--
-- TOC entry 4858 (class 2606 OID 24876)
-- Name: libros_author libros_author_pkey; Type: CONSTRAINT; Schema: public; Owner: postgres
--

ALTER TABLE ONLY public.libros_author
    ADD CONSTRAINT libros_author_pkey PRIMARY KEY (id);


--
-- TOC entry 4876 (class 2606 OID 24921)
-- Name: libros_book_genres libros_book_genres_book_id_genre_id_abb1796c_uniq; Type: CONSTRAINT; Schema: public; Owner: postgres
--

ALTER TABLE ONLY public.libros_book_genres
    ADD CONSTRAINT libros_book_genres_book_id_genre_id_abb1796c_uniq UNIQUE (book_id, genre_id);


--
-- TOC entry 4879 (class 2606 OID 24918)
-- Name: libros_book_genres libros_book_genres_pkey; Type: CONSTRAINT; Schema: public; Owner: postgres
--

ALTER TABLE ONLY public.libros_book_genres
    ADD CONSTRAINT libros_book_genres_pkey PRIMARY KEY (id);


--
-- TOC entry 4862 (class 2606 OID 24887)
-- Name: libros_book libros_book_isbn_key; Type: CONSTRAINT; Schema: public; Owner: postgres
--

ALTER TABLE ONLY public.libros_book
    ADD CONSTRAINT libros_book_isbn_key UNIQUE (isbn);


--
-- TOC entry 4864 (class 2606 OID 24885)
-- Name: libros_book libros_book_pkey; Type: CONSTRAINT; Schema: public; Owner: postgres
--

ALTER TABLE ONLY public.libros_book
    ADD CONSTRAINT libros_book_pkey PRIMARY KEY (id);


--
-- TOC entry 4871 (class 2606 OID 24912)
-- Name: libros_genre libros_genre_name_key; Type: CONSTRAINT; Schema: public; Owner: postgres
--

ALTER TABLE ONLY public.libros_genre
    ADD CONSTRAINT libros_genre_name_key UNIQUE (name);


--
-- TOC entry 4873 (class 2606 OID 24910)
-- Name: libros_genre libros_genre_pkey; Type: CONSTRAINT; Schema: public; Owner: postgres
--

ALTER TABLE ONLY public.libros_genre
    ADD CONSTRAINT libros_genre_pkey PRIMARY KEY (id);


--
-- TOC entry 4882 (class 2606 OID 24943)
-- Name: libros_rating libros_rating_pkey; Type: CONSTRAINT; Schema: public; Owner: postgres
--

ALTER TABLE ONLY public.libros_rating
    ADD CONSTRAINT libros_rating_pkey PRIMARY KEY (id);


--
-- TOC entry 4885 (class 2606 OID 24945)
-- Name: libros_rating libros_rating_user_id_book_id_293ab92b_uniq; Type: CONSTRAINT; Schema: public; Owner: postgres
--

ALTER TABLE ONLY public.libros_rating
    ADD CONSTRAINT libros_rating_user_id_book_id_293ab92b_uniq UNIQUE (user_id, book_id);


--
-- TOC entry 4825 (class 1259 OID 24868)
-- Name: auth_group_name_a6ea08ec_like; Type: INDEX; Schema: public; Owner: postgres
--

CREATE INDEX auth_group_name_a6ea08ec_like ON public.auth_group USING btree (name varchar_pattern_ops);


--
-- TOC entry 4830 (class 1259 OID 24809)
-- Name: auth_group_permissions_group_id_b120cbf9; Type: INDEX; Schema: public; Owner: postgres
--

CREATE INDEX auth_group_permissions_group_id_b120cbf9 ON public.auth_group_permissions USING btree (group_id);


--
-- TOC entry 4833 (class 1259 OID 24810)
-- Name: auth_group_permissions_permission_id_84c5c92e; Type: INDEX; Schema: public; Owner: postgres
--

CREATE INDEX auth_group_permissions_permission_id_84c5c92e ON public.auth_group_permissions USING btree (permission_id);


--
-- TOC entry 4820 (class 1259 OID 24795)
-- Name: auth_permission_content_type_id_2f476e4b; Type: INDEX; Schema: public; Owner: postgres
--

CREATE INDEX auth_permission_content_type_id_2f476e4b ON public.auth_permission USING btree (content_type_id);


--
-- TOC entry 4841 (class 1259 OID 24825)
-- Name: auth_user_groups_group_id_97559544; Type: INDEX; Schema: public; Owner: postgres
--

CREATE INDEX auth_user_groups_group_id_97559544 ON public.auth_user_groups USING btree (group_id);


--
-- TOC entry 4844 (class 1259 OID 24824)
-- Name: auth_user_groups_user_id_6a12ed8b; Type: INDEX; Schema: public; Owner: postgres
--

CREATE INDEX auth_user_groups_user_id_6a12ed8b ON public.auth_user_groups USING btree (user_id);


--
-- TOC entry 4847 (class 1259 OID 24839)
-- Name: auth_user_user_permissions_permission_id_1fbb5f2c; Type: INDEX; Schema: public; Owner: postgres
--

CREATE INDEX auth_user_user_permissions_permission_id_1fbb5f2c ON public.auth_user_user_permissions USING btree (permission_id);


--
-- TOC entry 4850 (class 1259 OID 24838)
-- Name: auth_user_user_permissions_user_id_a95ead1b; Type: INDEX; Schema: public; Owner: postgres
--

CREATE INDEX auth_user_user_permissions_user_id_a95ead1b ON public.auth_user_user_permissions USING btree (user_id);


--
-- TOC entry 4838 (class 1259 OID 24863)
-- Name: auth_user_username_6821ab7c_like; Type: INDEX; Schema: public; Owner: postgres
--

CREATE INDEX auth_user_username_6821ab7c_like ON public.auth_user USING btree (username varchar_pattern_ops);


--
-- TOC entry 4853 (class 1259 OID 24859)
-- Name: django_admin_log_content_type_id_c4bce8eb; Type: INDEX; Schema: public; Owner: postgres
--

CREATE INDEX django_admin_log_content_type_id_c4bce8eb ON public.django_admin_log USING btree (content_type_id);


--
-- TOC entry 4856 (class 1259 OID 24860)
-- Name: django_admin_log_user_id_c564eba6; Type: INDEX; Schema: public; Owner: postgres
--

CREATE INDEX django_admin_log_user_id_c564eba6 ON public.django_admin_log USING btree (user_id);


--
-- TOC entry 4865 (class 1259 OID 24904)
-- Name: django_session_expire_date_a5c62663; Type: INDEX; Schema: public; Owner: postgres
--

CREATE INDEX django_session_expire_date_a5c62663 ON public.django_session USING btree (expire_date);


--
-- TOC entry 4868 (class 1259 OID 24903)
-- Name: django_session_session_key_c0390e0f_like; Type: INDEX; Schema: public; Owner: postgres
--

CREATE INDEX django_session_session_key_c0390e0f_like ON public.django_session USING btree (session_key varchar_pattern_ops);


--
-- TOC entry 4859 (class 1259 OID 24895)
-- Name: libros_book_author_id_9638d520; Type: INDEX; Schema: public; Owner: postgres
--

CREATE INDEX libros_book_author_id_9638d520 ON public.libros_book USING btree (author_id);


--
-- TOC entry 4874 (class 1259 OID 24932)
-- Name: libros_book_genres_book_id_81b83c80; Type: INDEX; Schema: public; Owner: postgres
--

CREATE INDEX libros_book_genres_book_id_81b83c80 ON public.libros_book_genres USING btree (book_id);


--
-- TOC entry 4877 (class 1259 OID 24933)
-- Name: libros_book_genres_genre_id_bd78d454; Type: INDEX; Schema: public; Owner: postgres
--

CREATE INDEX libros_book_genres_genre_id_bd78d454 ON public.libros_book_genres USING btree (genre_id);


--
-- TOC entry 4860 (class 1259 OID 24894)
-- Name: libros_book_isbn_a972bba7_like; Type: INDEX; Schema: public; Owner: postgres
--

CREATE INDEX libros_book_isbn_a972bba7_like ON public.libros_book USING btree (isbn varchar_pattern_ops);


--
-- TOC entry 4869 (class 1259 OID 24919)
-- Name: libros_genre_name_a2b1bdeb_like; Type: INDEX; Schema: public; Owner: postgres
--

CREATE INDEX libros_genre_name_a2b1bdeb_like ON public.libros_genre USING btree (name varchar_pattern_ops);


--
-- TOC entry 4880 (class 1259 OID 24956)
-- Name: libros_rating_book_id_73ab0355; Type: INDEX; Schema: public; Owner: postgres
--

CREATE INDEX libros_rating_book_id_73ab0355 ON public.libros_rating USING btree (book_id);


--
-- TOC entry 4883 (class 1259 OID 24957)
-- Name: libros_rating_user_id_ba29d042; Type: INDEX; Schema: public; Owner: postgres
--

CREATE INDEX libros_rating_user_id_ba29d042 ON public.libros_rating USING btree (user_id);


--
-- TOC entry 4887 (class 2606 OID 24804)
-- Name: auth_group_permissions auth_group_permissio_permission_id_84c5c92e_fk_auth_perm; Type: FK CONSTRAINT; Schema: public; Owner: postgres
--

ALTER TABLE ONLY public.auth_group_permissions
    ADD CONSTRAINT auth_group_permissio_permission_id_84c5c92e_fk_auth_perm FOREIGN KEY (permission_id) REFERENCES public.auth_permission(id) DEFERRABLE INITIALLY DEFERRED;


--
-- TOC entry 4888 (class 2606 OID 24799)
-- Name: auth_group_permissions auth_group_permissions_group_id_b120cbf9_fk_auth_group_id; Type: FK CONSTRAINT; Schema: public; Owner: postgres
--

ALTER TABLE ONLY public.auth_group_permissions
    ADD CONSTRAINT auth_group_permissions_group_id_b120cbf9_fk_auth_group_id FOREIGN KEY (group_id) REFERENCES public.auth_group(id) DEFERRABLE INITIALLY DEFERRED;


--
-- TOC entry 4886 (class 2606 OID 24790)
-- Name: auth_permission auth_permission_content_type_id_2f476e4b_fk_django_co; Type: FK CONSTRAINT; Schema: public; Owner: postgres
--

ALTER TABLE ONLY public.auth_permission
    ADD CONSTRAINT auth_permission_content_type_id_2f476e4b_fk_django_co FOREIGN KEY (content_type_id) REFERENCES public.django_content_type(id) DEFERRABLE INITIALLY DEFERRED;


--
-- TOC entry 4889 (class 2606 OID 24819)
-- Name: auth_user_groups auth_user_groups_group_id_97559544_fk_auth_group_id; Type: FK CONSTRAINT; Schema: public; Owner: postgres
--

ALTER TABLE ONLY public.auth_user_groups
    ADD CONSTRAINT auth_user_groups_group_id_97559544_fk_auth_group_id FOREIGN KEY (group_id) REFERENCES public.auth_group(id) DEFERRABLE INITIALLY DEFERRED;


--
-- TOC entry 4890 (class 2606 OID 24814)
-- Name: auth_user_groups auth_user_groups_user_id_6a12ed8b_fk_auth_user_id; Type: FK CONSTRAINT; Schema: public; Owner: postgres
--

ALTER TABLE ONLY public.auth_user_groups
    ADD CONSTRAINT auth_user_groups_user_id_6a12ed8b_fk_auth_user_id FOREIGN KEY (user_id) REFERENCES public.auth_user(id) DEFERRABLE INITIALLY DEFERRED;


--
-- TOC entry 4891 (class 2606 OID 24833)
-- Name: auth_user_user_permissions auth_user_user_permi_permission_id_1fbb5f2c_fk_auth_perm; Type: FK CONSTRAINT; Schema: public; Owner: postgres
--

ALTER TABLE ONLY public.auth_user_user_permissions
    ADD CONSTRAINT auth_user_user_permi_permission_id_1fbb5f2c_fk_auth_perm FOREIGN KEY (permission_id) REFERENCES public.auth_permission(id) DEFERRABLE INITIALLY DEFERRED;


--
-- TOC entry 4892 (class 2606 OID 24828)
-- Name: auth_user_user_permissions auth_user_user_permissions_user_id_a95ead1b_fk_auth_user_id; Type: FK CONSTRAINT; Schema: public; Owner: postgres
--

ALTER TABLE ONLY public.auth_user_user_permissions
    ADD CONSTRAINT auth_user_user_permissions_user_id_a95ead1b_fk_auth_user_id FOREIGN KEY (user_id) REFERENCES public.auth_user(id) DEFERRABLE INITIALLY DEFERRED;


--
-- TOC entry 4893 (class 2606 OID 24849)
-- Name: django_admin_log django_admin_log_content_type_id_c4bce8eb_fk_django_co; Type: FK CONSTRAINT; Schema: public; Owner: postgres
--

ALTER TABLE ONLY public.django_admin_log
    ADD CONSTRAINT django_admin_log_content_type_id_c4bce8eb_fk_django_co FOREIGN KEY (content_type_id) REFERENCES public.django_content_type(id) DEFERRABLE INITIALLY DEFERRED;


--
-- TOC entry 4894 (class 2606 OID 24854)
-- Name: django_admin_log django_admin_log_user_id_c564eba6_fk_auth_user_id; Type: FK CONSTRAINT; Schema: public; Owner: postgres
--

ALTER TABLE ONLY public.django_admin_log
    ADD CONSTRAINT django_admin_log_user_id_c564eba6_fk_auth_user_id FOREIGN KEY (user_id) REFERENCES public.auth_user(id) DEFERRABLE INITIALLY DEFERRED;


--
-- TOC entry 4895 (class 2606 OID 24889)
-- Name: libros_book libros_book_author_id_9638d520_fk_libros_author_id; Type: FK CONSTRAINT; Schema: public; Owner: postgres
--

ALTER TABLE ONLY public.libros_book
    ADD CONSTRAINT libros_book_author_id_9638d520_fk_libros_author_id FOREIGN KEY (author_id) REFERENCES public.libros_author(id) DEFERRABLE INITIALLY DEFERRED;


--
-- TOC entry 4896 (class 2606 OID 24922)
-- Name: libros_book_genres libros_book_genres_book_id_81b83c80_fk_libros_book_id; Type: FK CONSTRAINT; Schema: public; Owner: postgres
--

ALTER TABLE ONLY public.libros_book_genres
    ADD CONSTRAINT libros_book_genres_book_id_81b83c80_fk_libros_book_id FOREIGN KEY (book_id) REFERENCES public.libros_book(id) DEFERRABLE INITIALLY DEFERRED;


--
-- TOC entry 4897 (class 2606 OID 24927)
-- Name: libros_book_genres libros_book_genres_genre_id_bd78d454_fk_libros_genre_id; Type: FK CONSTRAINT; Schema: public; Owner: postgres
--

ALTER TABLE ONLY public.libros_book_genres
    ADD CONSTRAINT libros_book_genres_genre_id_bd78d454_fk_libros_genre_id FOREIGN KEY (genre_id) REFERENCES public.libros_genre(id) DEFERRABLE INITIALLY DEFERRED;


--
-- TOC entry 4898 (class 2606 OID 24946)
-- Name: libros_rating libros_rating_book_id_73ab0355_fk_libros_book_id; Type: FK CONSTRAINT; Schema: public; Owner: postgres
--

ALTER TABLE ONLY public.libros_rating
    ADD CONSTRAINT libros_rating_book_id_73ab0355_fk_libros_book_id FOREIGN KEY (book_id) REFERENCES public.libros_book(id) DEFERRABLE INITIALLY DEFERRED;


--
-- TOC entry 4899 (class 2606 OID 24951)
-- Name: libros_rating libros_rating_user_id_ba29d042_fk_auth_user_id; Type: FK CONSTRAINT; Schema: public; Owner: postgres
--

ALTER TABLE ONLY public.libros_rating
    ADD CONSTRAINT libros_rating_user_id_ba29d042_fk_auth_user_id FOREIGN KEY (user_id) REFERENCES public.auth_user(id) DEFERRABLE INITIALLY DEFERRED;


-- Completed on 2025-07-09 12:23:47

--
-- PostgreSQL database dump complete
--

